======================================================================
XGBoost Hyperparameter Tuning
======================================================================

============================================================
Fetching NVDA...
============================================================
[2026-03-15 03:55:51] NVDA   | LOCAL_CACHE     | SUCCESS  | 126 rows
  [FEATURES] Original columns: ['Date', 'Open', 'High', 'Low', 'Close', 'Volume']
  [FEATURES] Renamed columns: ['Date', 'Open', 'High', 'Low', 'Close', 'Volume']
  [FEATURES] Basic features added: 30 columns
  [FEATURES] Adding advanced indicators for NVDA...
  [Features] Adding advanced indicators...
    ✓ Bollinger Bands
    ✓ ADX
    ✓ RSI & Divergence
    ✓ MACD
    ✓ Volume Features
    ✓ Volatility Features
    ✓ Momentum Features
    ✓ Trend Features
  [Features] Total features: 74
  [FEATURES] Advanced features added successfully
  [FEATURES] Total features: 74
  [FEATURES] Final dataset: 126 rows × 74 columns

>>> Tuning XGBoost for NVDA
    Training set: (100, 72)
    Starting grid search...
/opt/hostedtoolcache/Python/3.10.19/x64/lib/python3.10/site-packages/xgboost/data.py:440: FutureWarning: is_sparse is deprecated and will be removed in a future version. Check `isinstance(dtype, pd.SparseDtype)` instead.
  if is_sparse(data):
/opt/hostedtoolcache/Python/3.10.19/x64/lib/python3.10/site-packages/xgboost/data.py:440: FutureWarning: is_sparse is deprecated and will be removed in a future version. Check `isinstance(dtype, pd.SparseDtype)` instead.
  if is_sparse(data):
/opt/hostedtoolcache/Python/3.10.19/x64/lib/python3.10/site-packages/xgboost/data.py:440: FutureWarning: is_sparse is deprecated and will be removed in a future version. Check `isinstance(dtype, pd.SparseDtype)` instead.
  if is_sparse(data):
/opt/hostedtoolcache/Python/3.10.19/x64/lib/python3.10/site-packages/xgboost/data.py:440: FutureWarning: is_sparse is deprecated and will be removed in a future version. Check `isinstance(dtype, pd.SparseDtype)` instead.
  if is_sparse(data):
/opt/hostedtoolcache/Python/3.10.19/x64/lib/python3.10/site-packages/xgboost/data.py:440: FutureWarning: is_sparse is deprecated and will be removed in a future version. Check `isinstance(dtype, pd.SparseDtype)` instead.
  if is_sparse(data):
/opt/hostedtoolcache/Python/3.10.19/x64/lib/python3.10/site-packages/xgboost/data.py:440: FutureWarning: is_sparse is deprecated and will be removed in a future version. Check `isinstance(dtype, pd.SparseDtype)` instead.
  if is_sparse(data):
/opt/hostedtoolcache/Python/3.10.19/x64/lib/python3.10/site-packages/xgboost/data.py:440: FutureWarning: is_sparse is deprecated and will be removed in a future version. Check `isinstance(dtype, pd.SparseDtype)` instead.
  if is_sparse(data):
/opt/hostedtoolcache/Python/3.10.19/x64/lib/python3.10/site-packages/xgboost/data.py:440: FutureWarning: is_sparse is deprecated and will be removed in a future version. Check `isinstance(dtype, pd.SparseDtype)` instead.
  if is_sparse(data):
/opt/hostedtoolcache/Python/3.10.19/x64/lib/python3.10/site-packages/xgboost/data.py:440: FutureWarning: is_sparse is deprecated and will be removed in a future version. Check `isinstance(dtype, pd.SparseDtype)` instead.
  if is_sparse(data):
/opt/hostedtoolcache/Python/3.10.19/x64/lib/python3.10/site-packages/xgboost/data.py:440: FutureWarning: is_sparse is deprecated and will be removed in a future version. Check `isinstance(dtype, pd.SparseDtype)` instead.
  if is_sparse(data):
/opt/hostedtoolcache/Python/3.10.19/x64/lib/python3.10/site-packages/xgboost/data.py:440: FutureWarning: is_sparse is deprecated and will be removed in a future version. Check `isinstance(dtype, pd.SparseDtype)` instead.
  if is_sparse(data):
/opt/hostedtoolcache/Python/3.10.19/x64/lib/python3.10/site-packages/xgboost/data.py:440: FutureWarning: is_sparse is deprecated and will be removed in a future version. Check `isinstance(dtype, pd.SparseDtype)` instead.
  if is_sparse(data):
/opt/hostedtoolcache/Python/3.10.19/x64/lib/python3.10/site-packages/xgboost/data.py:440: FutureWarning: is_sparse is deprecated and will be removed in a future version. Check `isinstance(dtype, pd.SparseDtype)` instead.
  if is_sparse(data):
/opt/hostedtoolcache/Python/3.10.19/x64/lib/python3.10/site-packages/xgboost/data.py:440: FutureWarning: is_sparse is deprecated and will be removed in a future version. Check `isinstance(dtype, pd.SparseDtype)` instead.
  if is_sparse(data):
/opt/hostedtoolcache/Python/3.10.19/x64/lib/python3.10/site-packages/xgboost/data.py:440: FutureWarning: is_sparse is deprecated and will be removed in a future version. Check `isinstance(dtype, pd.SparseDtype)` instead.
  if is_sparse(data):
/opt/hostedtoolcache/Python/3.10.19/x64/lib/python3.10/site-packages/xgboost/data.py:440: FutureWarning: is_sparse is deprecated and will be removed in a future version. Check `isinstance(dtype, pd.SparseDtype)` instead.
  if is_sparse(data):
/opt/hostedtoolcache/Python/3.10.19/x64/lib/python3.10/site-packages/xgboost/data.py:440: FutureWarning: is_sparse is deprecated and will be removed in a future version. Check `isinstance(dtype, pd.SparseDtype)` instead.
  if is_sparse(data):
/opt/hostedtoolcache/Python/3.10.19/x64/lib/python3.10/site-packages/xgboost/data.py:440: FutureWarning: is_sparse is deprecated and will be removed in a future version. Check `isinstance(dtype, pd.SparseDtype)` instead.
  if is_sparse(data):
/opt/hostedtoolcache/Python/3.10.19/x64/lib/python3.10/site-packages/xgboost/data.py:440: FutureWarning: is_sparse is deprecated and will be removed in a future version. Check `isinstance(dtype, pd.SparseDtype)` instead.
  if is_sparse(data):
/opt/hostedtoolcache/Python/3.10.19/x64/lib/python3.10/site-packages/xgboost/data.py:440: FutureWarning: is_sparse is deprecated and will be removed in a future version. Check `isinstance(dtype, pd.SparseDtype)` instead.
  if is_sparse(data):
/opt/hostedtoolcache/Python/3.10.19/x64/lib/python3.10/site-packages/xgboost/data.py:440: FutureWarning: is_sparse is deprecated and will be removed in a future version. Check `isinstance(dtype, pd.SparseDtype)` instead.
  if is_sparse(data):
/opt/hostedtoolcache/Python/3.10.19/x64/lib/python3.10/site-packages/xgboost/data.py:440: FutureWarning: is_sparse is deprecated and will be removed in a future version. Check `isinstance(dtype, pd.SparseDtype)` instead.
  if is_sparse(data):
/opt/hostedtoolcache/Python/3.10.19/x64/lib/python3.10/site-packages/xgboost/data.py:440: FutureWarning: is_sparse is deprecated and will be removed in a future version. Check `isinstance(dtype, pd.SparseDtype)` instead.
  if is_sparse(data):
/opt/hostedtoolcache/Python/3.10.19/x64/lib/python3.10/site-packages/xgboost/data.py:440: FutureWarning: is_sparse is deprecated and will be removed in a future version. Check `isinstance(dtype, pd.SparseDtype)` instead.
  if is_sparse(data):
/opt/hostedtoolcache/Python/3.10.19/x64/lib/python3.10/site-packages/xgboost/data.py:440: FutureWarning: is_sparse is deprecated and will be removed in a future version. Check `isinstance(dtype, pd.SparseDtype)` instead.
  if is_sparse(data):
/opt/hostedtoolcache/Python/3.10.19/x64/lib/python3.10/site-packages/xgboost/data.py:440: FutureWarning: is_sparse is deprecated and will be removed in a future version. Check `isinstance(dtype, pd.SparseDtype)` instead.
  if is_sparse(data):
/opt/hostedtoolcache/Python/3.10.19/x64/lib/python3.10/site-packages/xgboost/data.py:440: FutureWarning: is_sparse is deprecated and will be removed in a future version. Check `isinstance(dtype, pd.SparseDtype)` instead.
  if is_sparse(data):
/opt/hostedtoolcache/Python/3.10.19/x64/lib/python3.10/site-packages/xgboost/data.py:440: FutureWarning: is_sparse is deprecated and will be removed in a future version. Check `isinstance(dtype, pd.SparseDtype)` instead.
  if is_sparse(data):
/opt/hostedtoolcache/Python/3.10.19/x64/lib/python3.10/site-packages/xgboost/data.py:440: FutureWarning: is_sparse is deprecated and will be removed in a future version. Check `isinstance(dtype, pd.SparseDtype)` instead.
  if is_sparse(data):
/opt/hostedtoolcache/Python/3.10.19/x64/lib/python3.10/site-packages/xgboost/data.py:440: FutureWarning: is_sparse is deprecated and will be removed in a future version. Check `isinstance(dtype, pd.SparseDtype)` instead.
  if is_sparse(data):
/opt/hostedtoolcache/Python/3.10.19/x64/lib/python3.10/site-packages/xgboost/data.py:440: FutureWarning: is_sparse is deprecated and will be removed in a future version. Check `isinstance(dtype, pd.SparseDtype)` instead.
  if is_sparse(data):
/opt/hostedtoolcache/Python/3.10.19/x64/lib/python3.10/site-packages/xgboost/data.py:440: FutureWarning: is_sparse is deprecated and will be removed in a future version. Check `isinstance(dtype, pd.SparseDtype)` instead.
  if is_sparse(data):
/opt/hostedtoolcache/Python/3.10.19/x64/lib/python3.10/site-packages/xgboost/data.py:440: FutureWarning: is_sparse is deprecated and will be removed in a future version. Check `isinstance(dtype, pd.SparseDtype)` instead.
  if is_sparse(data):
/opt/hostedtoolcache/Python/3.10.19/x64/lib/python3.10/site-packages/xgboost/data.py:440: FutureWarning: is_sparse is deprecated and will be removed in a future version. Check `isinstance(dtype, pd.SparseDtype)` instead.
  if is_sparse(data):
/opt/hostedtoolcache/Python/3.10.19/x64/lib/python3.10/site-packages/xgboost/data.py:440: FutureWarning: is_sparse is deprecated and will be removed in a future version. Check `isinstance(dtype, pd.SparseDtype)` instead.
  if is_sparse(data):
/opt/hostedtoolcache/Python/3.10.19/x64/lib/python3.10/site-packages/xgboost/data.py:440: FutureWarning: is_sparse is deprecated and will be removed in a future version. Check `isinstance(dtype, pd.SparseDtype)` instead.
  if is_sparse(data):
/opt/hostedtoolcache/Python/3.10.19/x64/lib/python3.10/site-packages/xgboost/data.py:440: FutureWarning: is_sparse is deprecated and will be removed in a future version. Check `isinstance(dtype, pd.SparseDtype)` instead.
  if is_sparse(data):
/opt/hostedtoolcache/Python/3.10.19/x64/lib/python3.10/site-packages/xgboost/data.py:440: FutureWarning: is_sparse is deprecated and will be removed in a future version. Check `isinstance(dtype, pd.SparseDtype)` instead.
  if is_sparse(data):
/opt/hostedtoolcache/Python/3.10.19/x64/lib/python3.10/site-packages/xgboost/data.py:440: FutureWarning: is_sparse is deprecated and will be removed in a future version. Check `isinstance(dtype, pd.SparseDtype)` instead.
  if is_sparse(data):
/opt/hostedtoolcache/Python/3.10.19/x64/lib/python3.10/site-packages/xgboost/data.py:440: FutureWarning: is_sparse is deprecated and will be removed in a future version. Check `isinstance(dtype, pd.SparseDtype)` instead.
  if is_sparse(data):
/opt/hostedtoolcache/Python/3.10.19/x64/lib/python3.10/site-packages/xgboost/data.py:440: FutureWarning: is_sparse is deprecated and will be removed in a future version. Check `isinstance(dtype, pd.SparseDtype)` instead.
  if is_sparse(data):
/opt/hostedtoolcache/Python/3.10.19/x64/lib/python3.10/site-packages/xgboost/data.py:440: FutureWarning: is_sparse is deprecated and will be removed in a future version. Check `isinstance(dtype, pd.SparseDtype)` instead.
  if is_sparse(data):
/opt/hostedtoolcache/Python/3.10.19/x64/lib/python3.10/site-packages/xgboost/data.py:440: FutureWarning: is_sparse is deprecated and will be removed in a future version. Check `isinstance(dtype, pd.SparseDtype)` instead.
  if is_sparse(data):
/opt/hostedtoolcache/Python/3.10.19/x64/lib/python3.10/site-packages/xgboost/data.py:440: FutureWarning: is_sparse is deprecated and will be removed in a future version. Check `isinstance(dtype, pd.SparseDtype)` instead.
  if is_sparse(data):
/opt/hostedtoolcache/Python/3.10.19/x64/lib/python3.10/site-packages/xgboost/data.py:440: FutureWarning: is_sparse is deprecated and will be removed in a future version. Check `isinstance(dtype, pd.SparseDtype)` instead.
  if is_sparse(data):
/opt/hostedtoolcache/Python/3.10.19/x64/lib/python3.10/site-packages/xgboost/data.py:440: FutureWarning: is_sparse is deprecated and will be removed in a future version. Check `isinstance(dtype, pd.SparseDtype)` instead.
  if is_sparse(data):
/opt/hostedtoolcache/Python/3.10.19/x64/lib/python3.10/site-packages/xgboost/data.py:440: FutureWarning: is_sparse is deprecated and will be removed in a future version. Check `isinstance(dtype, pd.SparseDtype)` instead.
  if is_sparse(data):
/opt/hostedtoolcache/Python/3.10.19/x64/lib/python3.10/site-packages/xgboost/data.py:440: FutureWarning: is_sparse is deprecated and will be removed in a future version. Check `isinstance(dtype, pd.SparseDtype)` instead.
  if is_sparse(data):
/opt/hostedtoolcache/Python/3.10.19/x64/lib/python3.10/site-packages/xgboost/data.py:440: FutureWarning: is_sparse is deprecated and will be removed in a future version. Check `isinstance(dtype, pd.SparseDtype)` instead.
  if is_sparse(data):
/opt/hostedtoolcache/Python/3.10.19/x64/lib/python3.10/site-packages/xgboost/data.py:440: FutureWarning: is_sparse is deprecated and will be removed in a future version. Check `isinstance(dtype, pd.SparseDtype)` instead.
  if is_sparse(data):
/opt/hostedtoolcache/Python/3.10.19/x64/lib/python3.10/site-packages/xgboost/data.py:440: FutureWarning: is_sparse is deprecated and will be removed in a future version. Check `isinstance(dtype, pd.SparseDtype)` instead.
  if is_sparse(data):
/opt/hostedtoolcache/Python/3.10.19/x64/lib/python3.10/site-packages/xgboost/data.py:440: FutureWarning: is_sparse is deprecated and will be removed in a future version. Check `isinstance(dtype, pd.SparseDtype)` instead.
  if is_sparse(data):
/opt/hostedtoolcache/Python/3.10.19/x64/lib/python3.10/site-packages/xgboost/data.py:440: FutureWarning: is_sparse is deprecated and will be removed in a future version. Check `isinstance(dtype, pd.SparseDtype)` instead.
  if is_sparse(data):
/opt/hostedtoolcache/Python/3.10.19/x64/lib/python3.10/site-packages/xgboost/data.py:440: FutureWarning: is_sparse is deprecated and will be removed in a future version. Check `isinstance(dtype, pd.SparseDtype)` instead.
  if is_sparse(data):
/opt/hostedtoolcache/Python/3.10.19/x64/lib/python3.10/site-packages/xgboost/data.py:440: FutureWarning: is_sparse is deprecated and will be removed in a future version. Check `isinstance(dtype, pd.SparseDtype)` instead.
  if is_sparse(data):
/opt/hostedtoolcache/Python/3.10.19/x64/lib/python3.10/site-packages/xgboost/data.py:440: FutureWarning: is_sparse is deprecated and will be removed in a future version. Check `isinstance(dtype, pd.SparseDtype)` instead.
  if is_sparse(data):
/opt/hostedtoolcache/Python/3.10.19/x64/lib/python3.10/site-packages/xgboost/data.py:440: FutureWarning: is_sparse is deprecated and will be removed in a future version. Check `isinstance(dtype, pd.SparseDtype)` instead.
  if is_sparse(data):
/opt/hostedtoolcache/Python/3.10.19/x64/lib/python3.10/site-packages/xgboost/data.py:440: FutureWarning: is_sparse is deprecated and will be removed in a future version. Check `isinstance(dtype, pd.SparseDtype)` instead.
  if is_sparse(data):
/opt/hostedtoolcache/Python/3.10.19/x64/lib/python3.10/site-packages/xgboost/data.py:440: FutureWarning: is_sparse is deprecated and will be removed in a future version. Check `isinstance(dtype, pd.SparseDtype)` instead.
  if is_sparse(data):
/opt/hostedtoolcache/Python/3.10.19/x64/lib/python3.10/site-packages/xgboost/data.py:440: FutureWarning: is_sparse is deprecated and will be removed in a future version. Check `isinstance(dtype, pd.SparseDtype)` instead.
  if is_sparse(data):
/opt/hostedtoolcache/Python/3.10.19/x64/lib/python3.10/site-packages/xgboost/data.py:440: FutureWarning: is_sparse is deprecated and will be removed in a future version. Check `isinstance(dtype, pd.SparseDtype)` instead.
  if is_sparse(data):
/opt/hostedtoolcache/Python/3.10.19/x64/lib/python3.10/site-packages/xgboost/data.py:440: FutureWarning: is_sparse is deprecated and will be removed in a future version. Check `isinstance(dtype, pd.SparseDtype)` instead.
  if is_sparse(data):
/opt/hostedtoolcache/Python/3.10.19/x64/lib/python3.10/site-packages/xgboost/data.py:440: FutureWarning: is_sparse is deprecated and will be removed in a future version. Check `isinstance(dtype, pd.SparseDtype)` instead.
  if is_sparse(data):
/opt/hostedtoolcache/Python/3.10.19/x64/lib/python3.10/site-packages/xgboost/data.py:440: FutureWarning: is_sparse is deprecated and will be removed in a future version. Check `isinstance(dtype, pd.SparseDtype)` instead.
  if is_sparse(data):
/opt/hostedtoolcache/Python/3.10.19/x64/lib/python3.10/site-packages/xgboost/data.py:440: FutureWarning: is_sparse is deprecated and will be removed in a future version. Check `isinstance(dtype, pd.SparseDtype)` instead.
  if is_sparse(data):
/opt/hostedtoolcache/Python/3.10.19/x64/lib/python3.10/site-packages/xgboost/data.py:440: FutureWarning: is_sparse is deprecated and will be removed in a future version. Check `isinstance(dtype, pd.SparseDtype)` instead.
  if is_sparse(data):
/opt/hostedtoolcache/Python/3.10.19/x64/lib/python3.10/site-packages/xgboost/data.py:440: FutureWarning: is_sparse is deprecated and will be removed in a future version. Check `isinstance(dtype, pd.SparseDtype)` instead.
  if is_sparse(data):
/opt/hostedtoolcache/Python/3.10.19/x64/lib/python3.10/site-packages/xgboost/data.py:440: FutureWarning: is_sparse is deprecated and will be removed in a future version. Check `isinstance(dtype, pd.SparseDtype)` instead.
  if is_sparse(data):
/opt/hostedtoolcache/Python/3.10.19/x64/lib/python3.10/site-packages/xgboost/data.py:440: FutureWarning: is_sparse is deprecated and will be removed in a future version. Check `isinstance(dtype, pd.SparseDtype)` instead.
  if is_sparse(data):
/opt/hostedtoolcache/Python/3.10.19/x64/lib/python3.10/site-packages/xgboost/data.py:440: FutureWarning: is_sparse is deprecated and will be removed in a future version. Check `isinstance(dtype, pd.SparseDtype)` instead.
  if is_sparse(data):
/opt/hostedtoolcache/Python/3.10.19/x64/lib/python3.10/site-packages/xgboost/data.py:440: FutureWarning: is_sparse is deprecated and will be removed in a future version. Check `isinstance(dtype, pd.SparseDtype)` instead.
  if is_sparse(data):
/opt/hostedtoolcache/Python/3.10.19/x64/lib/python3.10/site-packages/xgboost/data.py:440: FutureWarning: is_sparse is deprecated and will be removed in a future version. Check `isinstance(dtype, pd.SparseDtype)` instead.
  if is_sparse(data):
/opt/hostedtoolcache/Python/3.10.19/x64/lib/python3.10/site-packages/xgboost/data.py:440: FutureWarning: is_sparse is deprecated and will be removed in a future version. Check `isinstance(dtype, pd.SparseDtype)` instead.
  if is_sparse(data):
/opt/hostedtoolcache/Python/3.10.19/x64/lib/python3.10/site-packages/xgboost/data.py:440: FutureWarning: is_sparse is deprecated and will be removed in a future version. Check `isinstance(dtype, pd.SparseDtype)` instead.
  if is_sparse(data):
/opt/hostedtoolcache/Python/3.10.19/x64/lib/python3.10/site-packages/xgboost/data.py:440: FutureWarning: is_sparse is deprecated and will be removed in a future version. Check `isinstance(dtype, pd.SparseDtype)` instead.
  if is_sparse(data):
/opt/hostedtoolcache/Python/3.10.19/x64/lib/python3.10/site-packages/xgboost/data.py:440: FutureWarning: is_sparse is deprecated and will be removed in a future version. Check `isinstance(dtype, pd.SparseDtype)` instead.
  if is_sparse(data):
/opt/hostedtoolcache/Python/3.10.19/x64/lib/python3.10/site-packages/xgboost/data.py:440: FutureWarning: is_sparse is deprecated and will be removed in a future version. Check `isinstance(dtype, pd.SparseDtype)` instead.
  if is_sparse(data):
/opt/hostedtoolcache/Python/3.10.19/x64/lib/python3.10/site-packages/xgboost/data.py:440: FutureWarning: is_sparse is deprecated and will be removed in a future version. Check `isinstance(dtype, pd.SparseDtype)` instead.
  if is_sparse(data):
/opt/hostedtoolcache/Python/3.10.19/x64/lib/python3.10/site-packages/xgboost/data.py:440: FutureWarning: is_sparse is deprecated and will be removed in a future version. Check `isinstance(dtype, pd.SparseDtype)` instead.
  if is_sparse(data):
/opt/hostedtoolcache/Python/3.10.19/x64/lib/python3.10/site-packages/xgboost/data.py:440: FutureWarning: is_sparse is deprecated and will be removed in a future version. Check `isinstance(dtype, pd.SparseDtype)` instead.
  if is_sparse(data):
/opt/hostedtoolcache/Python/3.10.19/x64/lib/python3.10/site-packages/xgboost/data.py:440: FutureWarning: is_sparse is deprecated and will be removed in a future version. Check `isinstance(dtype, pd.SparseDtype)` instead.
  if is_sparse(data):
/opt/hostedtoolcache/Python/3.10.19/x64/lib/python3.10/site-packages/xgboost/data.py:440: FutureWarning: is_sparse is deprecated and will be removed in a future version. Check `isinstance(dtype, pd.SparseDtype)` instead.
  if is_sparse(data):
/opt/hostedtoolcache/Python/3.10.19/x64/lib/python3.10/site-packages/xgboost/data.py:440: FutureWarning: is_sparse is deprecated and will be removed in a future version. Check `isinstance(dtype, pd.SparseDtype)` instead.
  if is_sparse(data):
/opt/hostedtoolcache/Python/3.10.19/x64/lib/python3.10/site-packages/xgboost/data.py:440: FutureWarning: is_sparse is deprecated and will be removed in a future version. Check `isinstance(dtype, pd.SparseDtype)` instead.
  if is_sparse(data):
/opt/hostedtoolcache/Python/3.10.19/x64/lib/python3.10/site-packages/xgboost/data.py:440: FutureWarning: is_sparse is deprecated and will be removed in a future version. Check `isinstance(dtype, pd.SparseDtype)` instead.
  if is_sparse(data):
/opt/hostedtoolcache/Python/3.10.19/x64/lib/python3.10/site-packages/xgboost/data.py:440: FutureWarning: is_sparse is deprecated and will be removed in a future version. Check `isinstance(dtype, pd.SparseDtype)` instead.
  if is_sparse(data):
/opt/hostedtoolcache/Python/3.10.19/x64/lib/python3.10/site-packages/xgboost/data.py:440: FutureWarning: is_sparse is deprecated and will be removed in a future version. Check `isinstance(dtype, pd.SparseDtype)` instead.
  if is_sparse(data):
/opt/hostedtoolcache/Python/3.10.19/x64/lib/python3.10/site-packages/xgboost/data.py:440: FutureWarning: is_sparse is deprecated and will be removed in a future version. Check `isinstance(dtype, pd.SparseDtype)` instead.
  if is_sparse(data):
/opt/hostedtoolcache/Python/3.10.19/x64/lib/python3.10/site-packages/xgboost/data.py:440: FutureWarning: is_sparse is deprecated and will be removed in a future version. Check `isinstance(dtype, pd.SparseDtype)` instead.
  if is_sparse(data):
/opt/hostedtoolcache/Python/3.10.19/x64/lib/python3.10/site-packages/xgboost/data.py:440: FutureWarning: is_sparse is deprecated and will be removed in a future version. Check `isinstance(dtype, pd.SparseDtype)` instead.
  if is_sparse(data):
/opt/hostedtoolcache/Python/3.10.19/x64/lib/python3.10/site-packages/xgboost/data.py:440: FutureWarning: is_sparse is deprecated and will be removed in a future version. Check `isinstance(dtype, pd.SparseDtype)` instead.
  if is_sparse(data):
/opt/hostedtoolcache/Python/3.10.19/x64/lib/python3.10/site-packages/xgboost/data.py:440: FutureWarning: is_sparse is deprecated and will be removed in a future version. Check `isinstance(dtype, pd.SparseDtype)` instead.
  if is_sparse(data):
/opt/hostedtoolcache/Python/3.10.19/x64/lib/python3.10/site-packages/xgboost/data.py:440: FutureWarning: is_sparse is deprecated and will be removed in a future version. Check `isinstance(dtype, pd.SparseDtype)` instead.
  if is_sparse(data):
/opt/hostedtoolcache/Python/3.10.19/x64/lib/python3.10/site-packages/xgboost/data.py:440: FutureWarning: is_sparse is deprecated and will be removed in a future version. Check `isinstance(dtype, pd.SparseDtype)` instead.
  if is_sparse(data):
/opt/hostedtoolcache/Python/3.10.19/x64/lib/python3.10/site-packages/xgboost/data.py:440: FutureWarning: is_sparse is deprecated and will be removed in a future version. Check `isinstance(dtype, pd.SparseDtype)` instead.
  if is_sparse(data):
/opt/hostedtoolcache/Python/3.10.19/x64/lib/python3.10/site-packages/xgboost/data.py:440: FutureWarning: is_sparse is deprecated and will be removed in a future version. Check `isinstance(dtype, pd.SparseDtype)` instead.
  if is_sparse(data):
/opt/hostedtoolcache/Python/3.10.19/x64/lib/python3.10/site-packages/xgboost/data.py:440: FutureWarning: is_sparse is deprecated and will be removed in a future version. Check `isinstance(dtype, pd.SparseDtype)` instead.
  if is_sparse(data):
/opt/hostedtoolcache/Python/3.10.19/x64/lib/python3.10/site-packages/xgboost/data.py:440: FutureWarning: is_sparse is deprecated and will be removed in a future version. Check `isinstance(dtype, pd.SparseDtype)` instead.
  if is_sparse(data):
/opt/hostedtoolcache/Python/3.10.19/x64/lib/python3.10/site-packages/xgboost/data.py:440: FutureWarning: is_sparse is deprecated and will be removed in a future version. Check `isinstance(dtype, pd.SparseDtype)` instead.
  if is_sparse(data):
/opt/hostedtoolcache/Python/3.10.19/x64/lib/python3.10/site-packages/xgboost/data.py:440: FutureWarning: is_sparse is deprecated and will be removed in a future version. Check `isinstance(dtype, pd.SparseDtype)` instead.
  if is_sparse(data):
/opt/hostedtoolcache/Python/3.10.19/x64/lib/python3.10/site-packages/xgboost/data.py:440: FutureWarning: is_sparse is deprecated and will be removed in a future version. Check `isinstance(dtype, pd.SparseDtype)` instead.
  if is_sparse(data):
/opt/hostedtoolcache/Python/3.10.19/x64/lib/python3.10/site-packages/xgboost/data.py:440: FutureWarning: is_sparse is deprecated and will be removed in a future version. Check `isinstance(dtype, pd.SparseDtype)` instead.
  if is_sparse(data):
/opt/hostedtoolcache/Python/3.10.19/x64/lib/python3.10/site-packages/xgboost/data.py:440: FutureWarning: is_sparse is deprecated and will be removed in a future version. Check `isinstance(dtype, pd.SparseDtype)` instead.
  if is_sparse(data):
/opt/hostedtoolcache/Python/3.10.19/x64/lib/python3.10/site-packages/xgboost/data.py:440: FutureWarning: is_sparse is deprecated and will be removed in a future version. Check `isinstance(dtype, pd.SparseDtype)` instead.
  if is_sparse(data):
/opt/hostedtoolcache/Python/3.10.19/x64/lib/python3.10/site-packages/xgboost/data.py:440: FutureWarning: is_sparse is deprecated and will be removed in a future version. Check `isinstance(dtype, pd.SparseDtype)` instead.
  if is_sparse(data):
/opt/hostedtoolcache/Python/3.10.19/x64/lib/python3.10/site-packages/xgboost/data.py:440: FutureWarning: is_sparse is deprecated and will be removed in a future version. Check `isinstance(dtype, pd.SparseDtype)` instead.
  if is_sparse(data):
/opt/hostedtoolcache/Python/3.10.19/x64/lib/python3.10/site-packages/xgboost/data.py:440: FutureWarning: is_sparse is deprecated and will be removed in a future version. Check `isinstance(dtype, pd.SparseDtype)` instead.
  if is_sparse(data):
/opt/hostedtoolcache/Python/3.10.19/x64/lib/python3.10/site-packages/xgboost/data.py:440: FutureWarning: is_sparse is deprecated and will be removed in a future version. Check `isinstance(dtype, pd.SparseDtype)` instead.
  if is_sparse(data):
/opt/hostedtoolcache/Python/3.10.19/x64/lib/python3.10/site-packages/xgboost/data.py:440: FutureWarning: is_sparse is deprecated and will be removed in a future version. Check `isinstance(dtype, pd.SparseDtype)` instead.
  if is_sparse(data):
/opt/hostedtoolcache/Python/3.10.19/x64/lib/python3.10/site-packages/xgboost/data.py:440: FutureWarning: is_sparse is deprecated and will be removed in a future version. Check `isinstance(dtype, pd.SparseDtype)` instead.
  if is_sparse(data):
/opt/hostedtoolcache/Python/3.10.19/x64/lib/python3.10/site-packages/xgboost/data.py:440: FutureWarning: is_sparse is deprecated and will be removed in a future version. Check `isinstance(dtype, pd.SparseDtype)` instead.
  if is_sparse(data):
/opt/hostedtoolcache/Python/3.10.19/x64/lib/python3.10/site-packages/xgboost/data.py:440: FutureWarning: is_sparse is deprecated and will be removed in a future version. Check `isinstance(dtype, pd.SparseDtype)` instead.
  if is_sparse(data):
/opt/hostedtoolcache/Python/3.10.19/x64/lib/python3.10/site-packages/xgboost/data.py:440: FutureWarning: is_sparse is deprecated and will be removed in a future version. Check `isinstance(dtype, pd.SparseDtype)` instead.
  if is_sparse(data):
/opt/hostedtoolcache/Python/3.10.19/x64/lib/python3.10/site-packages/xgboost/data.py:440: FutureWarning: is_sparse is deprecated and will be removed in a future version. Check `isinstance(dtype, pd.SparseDtype)` instead.
  if is_sparse(data):
/opt/hostedtoolcache/Python/3.10.19/x64/lib/python3.10/site-packages/xgboost/data.py:440: FutureWarning: is_sparse is deprecated and will be removed in a future version. Check `isinstance(dtype, pd.SparseDtype)` instead.
  if is_sparse(data):
/opt/hostedtoolcache/Python/3.10.19/x64/lib/python3.10/site-packages/xgboost/data.py:440: FutureWarning: is_sparse is deprecated and will be removed in a future version. Check `isinstance(dtype, pd.SparseDtype)` instead.
  if is_sparse(data):
/opt/hostedtoolcache/Python/3.10.19/x64/lib/python3.10/site-packages/xgboost/data.py:440: FutureWarning: is_sparse is deprecated and will be removed in a future version. Check `isinstance(dtype, pd.SparseDtype)` instead.
  if is_sparse(data):
/opt/hostedtoolcache/Python/3.10.19/x64/lib/python3.10/site-packages/xgboost/data.py:440: FutureWarning: is_sparse is deprecated and will be removed in a future version. Check `isinstance(dtype, pd.SparseDtype)` instead.
  if is_sparse(data):
/opt/hostedtoolcache/Python/3.10.19/x64/lib/python3.10/site-packages/xgboost/data.py:440: FutureWarning: is_sparse is deprecated and will be removed in a future version. Check `isinstance(dtype, pd.SparseDtype)` instead.
  if is_sparse(data):
/opt/hostedtoolcache/Python/3.10.19/x64/lib/python3.10/site-packages/xgboost/data.py:440: FutureWarning: is_sparse is deprecated and will be removed in a future version. Check `isinstance(dtype, pd.SparseDtype)` instead.
  if is_sparse(data):
/opt/hostedtoolcache/Python/3.10.19/x64/lib/python3.10/site-packages/xgboost/data.py:440: FutureWarning: is_sparse is deprecated and will be removed in a future version. Check `isinstance(dtype, pd.SparseDtype)` instead.
  if is_sparse(data):
/opt/hostedtoolcache/Python/3.10.19/x64/lib/python3.10/site-packages/xgboost/data.py:440: FutureWarning: is_sparse is deprecated and will be removed in a future version. Check `isinstance(dtype, pd.SparseDtype)` instead.
  if is_sparse(data):
/opt/hostedtoolcache/Python/3.10.19/x64/lib/python3.10/site-packages/xgboost/data.py:440: FutureWarning: is_sparse is deprecated and will be removed in a future version. Check `isinstance(dtype, pd.SparseDtype)` instead.
  if is_sparse(data):
/opt/hostedtoolcache/Python/3.10.19/x64/lib/python3.10/site-packages/xgboost/data.py:440: FutureWarning: is_sparse is deprecated and will be removed in a future version. Check `isinstance(dtype, pd.SparseDtype)` instead.
  if is_sparse(data):
/opt/hostedtoolcache/Python/3.10.19/x64/lib/python3.10/site-packages/xgboost/data.py:440: FutureWarning: is_sparse is deprecated and will be removed in a future version. Check `isinstance(dtype, pd.SparseDtype)` instead.
  if is_sparse(data):
/opt/hostedtoolcache/Python/3.10.19/x64/lib/python3.10/site-packages/xgboost/data.py:440: FutureWarning: is_sparse is deprecated and will be removed in a future version. Check `isinstance(dtype, pd.SparseDtype)` instead.
  if is_sparse(data):
/opt/hostedtoolcache/Python/3.10.19/x64/lib/python3.10/site-packages/xgboost/data.py:440: FutureWarning: is_sparse is deprecated and will be removed in a future version. Check `isinstance(dtype, pd.SparseDtype)` instead.
  if is_sparse(data):
/opt/hostedtoolcache/Python/3.10.19/x64/lib/python3.10/site-packages/xgboost/data.py:440: FutureWarning: is_sparse is deprecated and will be removed in a future version. Check `isinstance(dtype, pd.SparseDtype)` instead.
  if is_sparse(data):
/opt/hostedtoolcache/Python/3.10.19/x64/lib/python3.10/site-packages/xgboost/data.py:440: FutureWarning: is_sparse is deprecated and will be removed in a future version. Check `isinstance(dtype, pd.SparseDtype)` instead.
  if is_sparse(data):
/opt/hostedtoolcache/Python/3.10.19/x64/lib/python3.10/site-packages/xgboost/data.py:440: FutureWarning: is_sparse is deprecated and will be removed in a future version. Check `isinstance(dtype, pd.SparseDtype)` instead.
  if is_sparse(data):
/opt/hostedtoolcache/Python/3.10.19/x64/lib/python3.10/site-packages/xgboost/data.py:440: FutureWarning: is_sparse is deprecated and will be removed in a future version. Check `isinstance(dtype, pd.SparseDtype)` instead.
  if is_sparse(data):
/opt/hostedtoolcache/Python/3.10.19/x64/lib/python3.10/site-packages/xgboost/data.py:440: FutureWarning: is_sparse is deprecated and will be removed in a future version. Check `isinstance(dtype, pd.SparseDtype)` instead.
  if is_sparse(data):
/opt/hostedtoolcache/Python/3.10.19/x64/lib/python3.10/site-packages/xgboost/data.py:440: FutureWarning: is_sparse is deprecated and will be removed in a future version. Check `isinstance(dtype, pd.SparseDtype)` instead.
  if is_sparse(data):
/opt/hostedtoolcache/Python/3.10.19/x64/lib/python3.10/site-packages/xgboost/data.py:440: FutureWarning: is_sparse is deprecated and will be removed in a future version. Check `isinstance(dtype, pd.SparseDtype)` instead.
  if is_sparse(data):
/opt/hostedtoolcache/Python/3.10.19/x64/lib/python3.10/site-packages/xgboost/data.py:440: FutureWarning: is_sparse is deprecated and will be removed in a future version. Check `isinstance(dtype, pd.SparseDtype)` instead.
  if is_sparse(data):
/opt/hostedtoolcache/Python/3.10.19/x64/lib/python3.10/site-packages/xgboost/data.py:440: FutureWarning: is_sparse is deprecated and will be removed in a future version. Check `isinstance(dtype, pd.SparseDtype)` instead.
  if is_sparse(data):
/opt/hostedtoolcache/Python/3.10.19/x64/lib/python3.10/site-packages/xgboost/data.py:440: FutureWarning: is_sparse is deprecated and will be removed in a future version. Check `isinstance(dtype, pd.SparseDtype)` instead.
  if is_sparse(data):
/opt/hostedtoolcache/Python/3.10.19/x64/lib/python3.10/site-packages/xgboost/data.py:440: FutureWarning: is_sparse is deprecated and will be removed in a future version. Check `isinstance(dtype, pd.SparseDtype)` instead.
  if is_sparse(data):
/opt/hostedtoolcache/Python/3.10.19/x64/lib/python3.10/site-packages/xgboost/data.py:440: FutureWarning: is_sparse is deprecated and will be removed in a future version. Check `isinstance(dtype, pd.SparseDtype)` instead.
  if is_sparse(data):
/opt/hostedtoolcache/Python/3.10.19/x64/lib/python3.10/site-packages/xgboost/data.py:440: FutureWarning: is_sparse is deprecated and will be removed in a future version. Check `isinstance(dtype, pd.SparseDtype)` instead.
  if is_sparse(data):
/opt/hostedtoolcache/Python/3.10.19/x64/lib/python3.10/site-packages/xgboost/data.py:440: FutureWarning: is_sparse is deprecated and will be removed in a future version. Check `isinstance(dtype, pd.SparseDtype)` instead.
  if is_sparse(data):
/opt/hostedtoolcache/Python/3.10.19/x64/lib/python3.10/site-packages/xgboost/data.py:440: FutureWarning: is_sparse is deprecated and will be removed in a future version. Check `isinstance(dtype, pd.SparseDtype)` instead.
  if is_sparse(data):
/opt/hostedtoolcache/Python/3.10.19/x64/lib/python3.10/site-packages/xgboost/data.py:440: FutureWarning: is_sparse is deprecated and will be removed in a future version. Check `isinstance(dtype, pd.SparseDtype)` instead.
  if is_sparse(data):
/opt/hostedtoolcache/Python/3.10.19/x64/lib/python3.10/site-packages/xgboost/data.py:440: FutureWarning: is_sparse is deprecated and will be removed in a future version. Check `isinstance(dtype, pd.SparseDtype)` instead.
  if is_sparse(data):
/opt/hostedtoolcache/Python/3.10.19/x64/lib/python3.10/site-packages/xgboost/data.py:440: FutureWarning: is_sparse is deprecated and will be removed in a future version. Check `isinstance(dtype, pd.SparseDtype)` instead.
  if is_sparse(data):
/opt/hostedtoolcache/Python/3.10.19/x64/lib/python3.10/site-packages/xgboost/data.py:440: FutureWarning: is_sparse is deprecated and will be removed in a future version. Check `isinstance(dtype, pd.SparseDtype)` instead.
  if is_sparse(data):
/opt/hostedtoolcache/Python/3.10.19/x64/lib/python3.10/site-packages/xgboost/data.py:440: FutureWarning: is_sparse is deprecated and will be removed in a future version. Check `isinstance(dtype, pd.SparseDtype)` instead.
  if is_sparse(data):
/opt/hostedtoolcache/Python/3.10.19/x64/lib/python3.10/site-packages/xgboost/data.py:440: FutureWarning: is_sparse is deprecated and will be removed in a future version. Check `isinstance(dtype, pd.SparseDtype)` instead.
  if is_sparse(data):
/opt/hostedtoolcache/Python/3.10.19/x64/lib/python3.10/site-packages/xgboost/data.py:440: FutureWarning: is_sparse is deprecated and will be removed in a future version. Check `isinstance(dtype, pd.SparseDtype)` instead.
  if is_sparse(data):
/opt/hostedtoolcache/Python/3.10.19/x64/lib/python3.10/site-packages/xgboost/data.py:440: FutureWarning: is_sparse is deprecated and will be removed in a future version. Check `isinstance(dtype, pd.SparseDtype)` instead.
  if is_sparse(data):
/opt/hostedtoolcache/Python/3.10.19/x64/lib/python3.10/site-packages/xgboost/data.py:440: FutureWarning: is_sparse is deprecated and will be removed in a future version. Check `isinstance(dtype, pd.SparseDtype)` instead.
  if is_sparse(data):
/opt/hostedtoolcache/Python/3.10.19/x64/lib/python3.10/site-packages/xgboost/data.py:440: FutureWarning: is_sparse is deprecated and will be removed in a future version. Check `isinstance(dtype, pd.SparseDtype)` instead.
  if is_sparse(data):
/opt/hostedtoolcache/Python/3.10.19/x64/lib/python3.10/site-packages/xgboost/data.py:440: FutureWarning: is_sparse is deprecated and will be removed in a future version. Check `isinstance(dtype, pd.SparseDtype)` instead.
  if is_sparse(data):
/opt/hostedtoolcache/Python/3.10.19/x64/lib/python3.10/site-packages/xgboost/data.py:440: FutureWarning: is_sparse is deprecated and will be removed in a future version. Check `isinstance(dtype, pd.SparseDtype)` instead.
  if is_sparse(data):
/opt/hostedtoolcache/Python/3.10.19/x64/lib/python3.10/site-packages/xgboost/data.py:440: FutureWarning: is_sparse is deprecated and will be removed in a future version. Check `isinstance(dtype, pd.SparseDtype)` instead.
  if is_sparse(data):
/opt/hostedtoolcache/Python/3.10.19/x64/lib/python3.10/site-packages/xgboost/data.py:440: FutureWarning: is_sparse is deprecated and will be removed in a future version. Check `isinstance(dtype, pd.SparseDtype)` instead.
  if is_sparse(data):
/opt/hostedtoolcache/Python/3.10.19/x64/lib/python3.10/site-packages/xgboost/data.py:440: FutureWarning: is_sparse is deprecated and will be removed in a future version. Check `isinstance(dtype, pd.SparseDtype)` instead.
  if is_sparse(data):
/opt/hostedtoolcache/Python/3.10.19/x64/lib/python3.10/site-packages/xgboost/data.py:440: FutureWarning: is_sparse is deprecated and will be removed in a future version. Check `isinstance(dtype, pd.SparseDtype)` instead.
  if is_sparse(data):
/opt/hostedtoolcache/Python/3.10.19/x64/lib/python3.10/site-packages/xgboost/data.py:440: FutureWarning: is_sparse is deprecated and will be removed in a future version. Check `isinstance(dtype, pd.SparseDtype)` instead.
  if is_sparse(data):
/opt/hostedtoolcache/Python/3.10.19/x64/lib/python3.10/site-packages/xgboost/data.py:440: FutureWarning: is_sparse is deprecated and will be removed in a future version. Check `isinstance(dtype, pd.SparseDtype)` instead.
  if is_sparse(data):
/opt/hostedtoolcache/Python/3.10.19/x64/lib/python3.10/site-packages/xgboost/data.py:440: FutureWarning: is_sparse is deprecated and will be removed in a future version. Check `isinstance(dtype, pd.SparseDtype)` instead.
  if is_sparse(data):
/opt/hostedtoolcache/Python/3.10.19/x64/lib/python3.10/site-packages/xgboost/data.py:440: FutureWarning: is_sparse is deprecated and will be removed in a future version. Check `isinstance(dtype, pd.SparseDtype)` instead.
  if is_sparse(data):
/opt/hostedtoolcache/Python/3.10.19/x64/lib/python3.10/site-packages/xgboost/data.py:440: FutureWarning: is_sparse is deprecated and will be removed in a future version. Check `isinstance(dtype, pd.SparseDtype)` instead.
  if is_sparse(data):
/opt/hostedtoolcache/Python/3.10.19/x64/lib/python3.10/site-packages/xgboost/data.py:440: FutureWarning: is_sparse is deprecated and will be removed in a future version. Check `isinstance(dtype, pd.SparseDtype)` instead.
  if is_sparse(data):
/opt/hostedtoolcache/Python/3.10.19/x64/lib/python3.10/site-packages/xgboost/data.py:440: FutureWarning: is_sparse is deprecated and will be removed in a future version. Check `isinstance(dtype, pd.SparseDtype)` instead.
  if is_sparse(data):
/opt/hostedtoolcache/Python/3.10.19/x64/lib/python3.10/site-packages/xgboost/data.py:440: FutureWarning: is_sparse is deprecated and will be removed in a future version. Check `isinstance(dtype, pd.SparseDtype)` instead.
  if is_sparse(data):
/opt/hostedtoolcache/Python/3.10.19/x64/lib/python3.10/site-packages/xgboost/data.py:440: FutureWarning: is_sparse is deprecated and will be removed in a future version. Check `isinstance(dtype, pd.SparseDtype)` instead.
  if is_sparse(data):
/opt/hostedtoolcache/Python/3.10.19/x64/lib/python3.10/site-packages/xgboost/data.py:440: FutureWarning: is_sparse is deprecated and will be removed in a future version. Check `isinstance(dtype, pd.SparseDtype)` instead.
  if is_sparse(data):
/opt/hostedtoolcache/Python/3.10.19/x64/lib/python3.10/site-packages/xgboost/data.py:440: FutureWarning: is_sparse is deprecated and will be removed in a future version. Check `isinstance(dtype, pd.SparseDtype)` instead.
  if is_sparse(data):
/opt/hostedtoolcache/Python/3.10.19/x64/lib/python3.10/site-packages/xgboost/data.py:440: FutureWarning: is_sparse is deprecated and will be removed in a future version. Check `isinstance(dtype, pd.SparseDtype)` instead.
  if is_sparse(data):
/opt/hostedtoolcache/Python/3.10.19/x64/lib/python3.10/site-packages/xgboost/data.py:440: FutureWarning: is_sparse is deprecated and will be removed in a future version. Check `isinstance(dtype, pd.SparseDtype)` instead.
  if is_sparse(data):
/opt/hostedtoolcache/Python/3.10.19/x64/lib/python3.10/site-packages/xgboost/data.py:440: FutureWarning: is_sparse is deprecated and will be removed in a future version. Check `isinstance(dtype, pd.SparseDtype)` instead.
  if is_sparse(data):
/opt/hostedtoolcache/Python/3.10.19/x64/lib/python3.10/site-packages/xgboost/data.py:440: FutureWarning: is_sparse is deprecated and will be removed in a future version. Check `isinstance(dtype, pd.SparseDtype)` instead.
  if is_sparse(data):
/opt/hostedtoolcache/Python/3.10.19/x64/lib/python3.10/site-packages/xgboost/data.py:440: FutureWarning: is_sparse is deprecated and will be removed in a future version. Check `isinstance(dtype, pd.SparseDtype)` instead.
  if is_sparse(data):
/opt/hostedtoolcache/Python/3.10.19/x64/lib/python3.10/site-packages/xgboost/data.py:440: FutureWarning: is_sparse is deprecated and will be removed in a future version. Check `isinstance(dtype, pd.SparseDtype)` instead.
  if is_sparse(data):
/opt/hostedtoolcache/Python/3.10.19/x64/lib/python3.10/site-packages/xgboost/data.py:440: FutureWarning: is_sparse is deprecated and will be removed in a future version. Check `isinstance(dtype, pd.SparseDtype)` instead.
  if is_sparse(data):
/opt/hostedtoolcache/Python/3.10.19/x64/lib/python3.10/site-packages/xgboost/data.py:440: FutureWarning: is_sparse is deprecated and will be removed in a future version. Check `isinstance(dtype, pd.SparseDtype)` instead.
  if is_sparse(data):
/opt/hostedtoolcache/Python/3.10.19/x64/lib/python3.10/site-packages/xgboost/data.py:440: FutureWarning: is_sparse is deprecated and will be removed in a future version. Check `isinstance(dtype, pd.SparseDtype)` instead.
  if is_sparse(data):
/opt/hostedtoolcache/Python/3.10.19/x64/lib/python3.10/site-packages/xgboost/data.py:440: FutureWarning: is_sparse is deprecated and will be removed in a future version. Check `isinstance(dtype, pd.SparseDtype)` instead.
  if is_sparse(data):
/opt/hostedtoolcache/Python/3.10.19/x64/lib/python3.10/site-packages/xgboost/data.py:440: FutureWarning: is_sparse is deprecated and will be removed in a future version. Check `isinstance(dtype, pd.SparseDtype)` instead.
  if is_sparse(data):
/opt/hostedtoolcache/Python/3.10.19/x64/lib/python3.10/site-packages/xgboost/data.py:440: FutureWarning: is_sparse is deprecated and will be removed in a future version. Check `isinstance(dtype, pd.SparseDtype)` instead.
  if is_sparse(data):
/opt/hostedtoolcache/Python/3.10.19/x64/lib/python3.10/site-packages/xgboost/data.py:440: FutureWarning: is_sparse is deprecated and will be removed in a future version. Check `isinstance(dtype, pd.SparseDtype)` instead.
  if is_sparse(data):
/opt/hostedtoolcache/Python/3.10.19/x64/lib/python3.10/site-packages/xgboost/data.py:440: FutureWarning: is_sparse is deprecated and will be removed in a future version. Check `isinstance(dtype, pd.SparseDtype)` instead.
  if is_sparse(data):
/opt/hostedtoolcache/Python/3.10.19/x64/lib/python3.10/site-packages/xgboost/data.py:440: FutureWarning: is_sparse is deprecated and will be removed in a future version. Check `isinstance(dtype, pd.SparseDtype)` instead.
  if is_sparse(data):
/opt/hostedtoolcache/Python/3.10.19/x64/lib/python3.10/site-packages/xgboost/data.py:440: FutureWarning: is_sparse is deprecated and will be removed in a future version. Check `isinstance(dtype, pd.SparseDtype)` instead.
  if is_sparse(data):
/opt/hostedtoolcache/Python/3.10.19/x64/lib/python3.10/site-packages/xgboost/data.py:440: FutureWarning: is_sparse is deprecated and will be removed in a future version. Check `isinstance(dtype, pd.SparseDtype)` instead.
  if is_sparse(data):
/opt/hostedtoolcache/Python/3.10.19/x64/lib/python3.10/site-packages/xgboost/data.py:440: FutureWarning: is_sparse is deprecated and will be removed in a future version. Check `isinstance(dtype, pd.SparseDtype)` instead.
  if is_sparse(data):
/opt/hostedtoolcache/Python/3.10.19/x64/lib/python3.10/site-packages/xgboost/data.py:440: FutureWarning: is_sparse is deprecated and will be removed in a future version. Check `isinstance(dtype, pd.SparseDtype)` instead.
  if is_sparse(data):
/opt/hostedtoolcache/Python/3.10.19/x64/lib/python3.10/site-packages/xgboost/data.py:440: FutureWarning: is_sparse is deprecated and will be removed in a future version. Check `isinstance(dtype, pd.SparseDtype)` instead.
  if is_sparse(data):
/opt/hostedtoolcache/Python/3.10.19/x64/lib/python3.10/site-packages/xgboost/data.py:440: FutureWarning: is_sparse is deprecated and will be removed in a future version. Check `isinstance(dtype, pd.SparseDtype)` instead.
  if is_sparse(data):
/opt/hostedtoolcache/Python/3.10.19/x64/lib/python3.10/site-packages/xgboost/data.py:440: FutureWarning: is_sparse is deprecated and will be removed in a future version. Check `isinstance(dtype, pd.SparseDtype)` instead.
  if is_sparse(data):
/opt/hostedtoolcache/Python/3.10.19/x64/lib/python3.10/site-packages/xgboost/data.py:440: FutureWarning: is_sparse is deprecated and will be removed in a future version. Check `isinstance(dtype, pd.SparseDtype)` instead.
  if is_sparse(data):
/opt/hostedtoolcache/Python/3.10.19/x64/lib/python3.10/site-packages/xgboost/data.py:440: FutureWarning: is_sparse is deprecated and will be removed in a future version. Check `isinstance(dtype, pd.SparseDtype)` instead.
  if is_sparse(data):
/opt/hostedtoolcache/Python/3.10.19/x64/lib/python3.10/site-packages/xgboost/data.py:440: FutureWarning: is_sparse is deprecated and will be removed in a future version. Check `isinstance(dtype, pd.SparseDtype)` instead.
  if is_sparse(data):
/opt/hostedtoolcache/Python/3.10.19/x64/lib/python3.10/site-packages/xgboost/data.py:440: FutureWarning: is_sparse is deprecated and will be removed in a future version. Check `isinstance(dtype, pd.SparseDtype)` instead.
  if is_sparse(data):
/opt/hostedtoolcache/Python/3.10.19/x64/lib/python3.10/site-packages/xgboost/data.py:440: FutureWarning: is_sparse is deprecated and will be removed in a future version. Check `isinstance(dtype, pd.SparseDtype)` instead.
  if is_sparse(data):
/opt/hostedtoolcache/Python/3.10.19/x64/lib/python3.10/site-packages/xgboost/data.py:440: FutureWarning: is_sparse is deprecated and will be removed in a future version. Check `isinstance(dtype, pd.SparseDtype)` instead.
  if is_sparse(data):
/opt/hostedtoolcache/Python/3.10.19/x64/lib/python3.10/site-packages/xgboost/data.py:440: FutureWarning: is_sparse is deprecated and will be removed in a future version. Check `isinstance(dtype, pd.SparseDtype)` instead.
  if is_sparse(data):
/opt/hostedtoolcache/Python/3.10.19/x64/lib/python3.10/site-packages/xgboost/data.py:440: FutureWarning: is_sparse is deprecated and will be removed in a future version. Check `isinstance(dtype, pd.SparseDtype)` instead.
  if is_sparse(data):
/opt/hostedtoolcache/Python/3.10.19/x64/lib/python3.10/site-packages/xgboost/data.py:440: FutureWarning: is_sparse is deprecated and will be removed in a future version. Check `isinstance(dtype, pd.SparseDtype)` instead.
  if is_sparse(data):
/opt/hostedtoolcache/Python/3.10.19/x64/lib/python3.10/site-packages/xgboost/data.py:440: FutureWarning: is_sparse is deprecated and will be removed in a future version. Check `isinstance(dtype, pd.SparseDtype)` instead.
  if is_sparse(data):
/opt/hostedtoolcache/Python/3.10.19/x64/lib/python3.10/site-packages/xgboost/data.py:440: FutureWarning: is_sparse is deprecated and will be removed in a future version. Check `isinstance(dtype, pd.SparseDtype)` instead.
  if is_sparse(data):
/opt/hostedtoolcache/Python/3.10.19/x64/lib/python3.10/site-packages/xgboost/data.py:440: FutureWarning: is_sparse is deprecated and will be removed in a future version. Check `isinstance(dtype, pd.SparseDtype)` instead.
  if is_sparse(data):
/opt/hostedtoolcache/Python/3.10.19/x64/lib/python3.10/site-packages/xgboost/data.py:440: FutureWarning: is_sparse is deprecated and will be removed in a future version. Check `isinstance(dtype, pd.SparseDtype)` instead.
  if is_sparse(data):
/opt/hostedtoolcache/Python/3.10.19/x64/lib/python3.10/site-packages/xgboost/data.py:440: FutureWarning: is_sparse is deprecated and will be removed in a future version. Check `isinstance(dtype, pd.SparseDtype)` instead.
  if is_sparse(data):
/opt/hostedtoolcache/Python/3.10.19/x64/lib/python3.10/site-packages/xgboost/data.py:440: FutureWarning: is_sparse is deprecated and will be removed in a future version. Check `isinstance(dtype, pd.SparseDtype)` instead.
  if is_sparse(data):
/opt/hostedtoolcache/Python/3.10.19/x64/lib/python3.10/site-packages/xgboost/data.py:440: FutureWarning: is_sparse is deprecated and will be removed in a future version. Check `isinstance(dtype, pd.SparseDtype)` instead.
  if is_sparse(data):
/opt/hostedtoolcache/Python/3.10.19/x64/lib/python3.10/site-packages/xgboost/data.py:440: FutureWarning: is_sparse is deprecated and will be removed in a future version. Check `isinstance(dtype, pd.SparseDtype)` instead.
  if is_sparse(data):
/opt/hostedtoolcache/Python/3.10.19/x64/lib/python3.10/site-packages/xgboost/data.py:440: FutureWarning: is_sparse is deprecated and will be removed in a future version. Check `isinstance(dtype, pd.SparseDtype)` instead.
  if is_sparse(data):
/opt/hostedtoolcache/Python/3.10.19/x64/lib/python3.10/site-packages/xgboost/data.py:440: FutureWarning: is_sparse is deprecated and will be removed in a future version. Check `isinstance(dtype, pd.SparseDtype)` instead.
  if is_sparse(data):
/opt/hostedtoolcache/Python/3.10.19/x64/lib/python3.10/site-packages/xgboost/data.py:440: FutureWarning: is_sparse is deprecated and will be removed in a future version. Check `isinstance(dtype, pd.SparseDtype)` instead.
  if is_sparse(data):
/opt/hostedtoolcache/Python/3.10.19/x64/lib/python3.10/site-packages/xgboost/data.py:440: FutureWarning: is_sparse is deprecated and will be removed in a future version. Check `isinstance(dtype, pd.SparseDtype)` instead.
  if is_sparse(data):
/opt/hostedtoolcache/Python/3.10.19/x64/lib/python3.10/site-packages/xgboost/data.py:440: FutureWarning: is_sparse is deprecated and will be removed in a future version. Check `isinstance(dtype, pd.SparseDtype)` instead.
  if is_sparse(data):
/opt/hostedtoolcache/Python/3.10.19/x64/lib/python3.10/site-packages/xgboost/data.py:440: FutureWarning: is_sparse is deprecated and will be removed in a future version. Check `isinstance(dtype, pd.SparseDtype)` instead.
  if is_sparse(data):
/opt/hostedtoolcache/Python/3.10.19/x64/lib/python3.10/site-packages/xgboost/data.py:440: FutureWarning: is_sparse is deprecated and will be removed in a future version. Check `isinstance(dtype, pd.SparseDtype)` instead.
  if is_sparse(data):
/opt/hostedtoolcache/Python/3.10.19/x64/lib/python3.10/site-packages/xgboost/data.py:440: FutureWarning: is_sparse is deprecated and will be removed in a future version. Check `isinstance(dtype, pd.SparseDtype)` instead.
  if is_sparse(data):
/opt/hostedtoolcache/Python/3.10.19/x64/lib/python3.10/site-packages/xgboost/data.py:440: FutureWarning: is_sparse is deprecated and will be removed in a future version. Check `isinstance(dtype, pd.SparseDtype)` instead.
  if is_sparse(data):
/opt/hostedtoolcache/Python/3.10.19/x64/lib/python3.10/site-packages/xgboost/data.py:440: FutureWarning: is_sparse is deprecated and will be removed in a future version. Check `isinstance(dtype, pd.SparseDtype)` instead.
  if is_sparse(data):
/opt/hostedtoolcache/Python/3.10.19/x64/lib/python3.10/site-packages/xgboost/data.py:440: FutureWarning: is_sparse is deprecated and will be removed in a future version. Check `isinstance(dtype, pd.SparseDtype)` instead.
  if is_sparse(data):
/opt/hostedtoolcache/Python/3.10.19/x64/lib/python3.10/site-packages/xgboost/data.py:440: FutureWarning: is_sparse is deprecated and will be removed in a future version. Check `isinstance(dtype, pd.SparseDtype)` instead.
  if is_sparse(data):
/opt/hostedtoolcache/Python/3.10.19/x64/lib/python3.10/site-packages/xgboost/data.py:440: FutureWarning: is_sparse is deprecated and will be removed in a future version. Check `isinstance(dtype, pd.SparseDtype)` instead.
  if is_sparse(data):
/opt/hostedtoolcache/Python/3.10.19/x64/lib/python3.10/site-packages/xgboost/data.py:440: FutureWarning: is_sparse is deprecated and will be removed in a future version. Check `isinstance(dtype, pd.SparseDtype)` instead.
  if is_sparse(data):
/opt/hostedtoolcache/Python/3.10.19/x64/lib/python3.10/site-packages/xgboost/data.py:440: FutureWarning: is_sparse is deprecated and will be removed in a future version. Check `isinstance(dtype, pd.SparseDtype)` instead.
  if is_sparse(data):
/opt/hostedtoolcache/Python/3.10.19/x64/lib/python3.10/site-packages/xgboost/data.py:440: FutureWarning: is_sparse is deprecated and will be removed in a future version. Check `isinstance(dtype, pd.SparseDtype)` instead.
  if is_sparse(data):
/opt/hostedtoolcache/Python/3.10.19/x64/lib/python3.10/site-packages/xgboost/data.py:440: FutureWarning: is_sparse is deprecated and will be removed in a future version. Check `isinstance(dtype, pd.SparseDtype)` instead.
  if is_sparse(data):
/opt/hostedtoolcache/Python/3.10.19/x64/lib/python3.10/site-packages/xgboost/data.py:440: FutureWarning: is_sparse is deprecated and will be removed in a future version. Check `isinstance(dtype, pd.SparseDtype)` instead.
  if is_sparse(data):
/opt/hostedtoolcache/Python/3.10.19/x64/lib/python3.10/site-packages/xgboost/data.py:440: FutureWarning: is_sparse is deprecated and will be removed in a future version. Check `isinstance(dtype, pd.SparseDtype)` instead.
  if is_sparse(data):
/opt/hostedtoolcache/Python/3.10.19/x64/lib/python3.10/site-packages/xgboost/data.py:440: FutureWarning: is_sparse is deprecated and will be removed in a future version. Check `isinstance(dtype, pd.SparseDtype)` instead.
  if is_sparse(data):
/opt/hostedtoolcache/Python/3.10.19/x64/lib/python3.10/site-packages/xgboost/data.py:440: FutureWarning: is_sparse is deprecated and will be removed in a future version. Check `isinstance(dtype, pd.SparseDtype)` instead.
  if is_sparse(data):
/opt/hostedtoolcache/Python/3.10.19/x64/lib/python3.10/site-packages/xgboost/data.py:440: FutureWarning: is_sparse is deprecated and will be removed in a future version. Check `isinstance(dtype, pd.SparseDtype)` instead.
  if is_sparse(data):
/opt/hostedtoolcache/Python/3.10.19/x64/lib/python3.10/site-packages/xgboost/data.py:440: FutureWarning: is_sparse is deprecated and will be removed in a future version. Check `isinstance(dtype, pd.SparseDtype)` instead.
  if is_sparse(data):
/opt/hostedtoolcache/Python/3.10.19/x64/lib/python3.10/site-packages/xgboost/data.py:440: FutureWarning: is_sparse is deprecated and will be removed in a future version. Check `isinstance(dtype, pd.SparseDtype)` instead.
  if is_sparse(data):
/opt/hostedtoolcache/Python/3.10.19/x64/lib/python3.10/site-packages/xgboost/data.py:440: FutureWarning: is_sparse is deprecated and will be removed in a future version. Check `isinstance(dtype, pd.SparseDtype)` instead.
  if is_sparse(data):
/opt/hostedtoolcache/Python/3.10.19/x64/lib/python3.10/site-packages/xgboost/data.py:440: FutureWarning: is_sparse is deprecated and will be removed in a future version. Check `isinstance(dtype, pd.SparseDtype)` instead.
  if is_sparse(data):
/opt/hostedtoolcache/Python/3.10.19/x64/lib/python3.10/site-packages/xgboost/data.py:440: FutureWarning: is_sparse is deprecated and will be removed in a future version. Check `isinstance(dtype, pd.SparseDtype)` instead.
  if is_sparse(data):
/opt/hostedtoolcache/Python/3.10.19/x64/lib/python3.10/site-packages/xgboost/data.py:440: FutureWarning: is_sparse is deprecated and will be removed in a future version. Check `isinstance(dtype, pd.SparseDtype)` instead.
  if is_sparse(data):
/opt/hostedtoolcache/Python/3.10.19/x64/lib/python3.10/site-packages/xgboost/data.py:440: FutureWarning: is_sparse is deprecated and will be removed in a future version. Check `isinstance(dtype, pd.SparseDtype)` instead.
  if is_sparse(data):
/opt/hostedtoolcache/Python/3.10.19/x64/lib/python3.10/site-packages/xgboost/data.py:440: FutureWarning: is_sparse is deprecated and will be removed in a future version. Check `isinstance(dtype, pd.SparseDtype)` instead.
  if is_sparse(data):
/opt/hostedtoolcache/Python/3.10.19/x64/lib/python3.10/site-packages/xgboost/data.py:440: FutureWarning: is_sparse is deprecated and will be removed in a future version. Check `isinstance(dtype, pd.SparseDtype)` instead.
  if is_sparse(data):
/opt/hostedtoolcache/Python/3.10.19/x64/lib/python3.10/site-packages/xgboost/data.py:440: FutureWarning: is_sparse is deprecated and will be removed in a future version. Check `isinstance(dtype, pd.SparseDtype)` instead.
  if is_sparse(data):
/opt/hostedtoolcache/Python/3.10.19/x64/lib/python3.10/site-packages/xgboost/data.py:440: FutureWarning: is_sparse is deprecated and will be removed in a future version. Check `isinstance(dtype, pd.SparseDtype)` instead.
  if is_sparse(data):
/opt/hostedtoolcache/Python/3.10.19/x64/lib/python3.10/site-packages/xgboost/data.py:440: FutureWarning: is_sparse is deprecated and will be removed in a future version. Check `isinstance(dtype, pd.SparseDtype)` instead.
  if is_sparse(data):
/opt/hostedtoolcache/Python/3.10.19/x64/lib/python3.10/site-packages/xgboost/data.py:440: FutureWarning: is_sparse is deprecated and will be removed in a future version. Check `isinstance(dtype, pd.SparseDtype)` instead.
  if is_sparse(data):
/opt/hostedtoolcache/Python/3.10.19/x64/lib/python3.10/site-packages/xgboost/data.py:440: FutureWarning: is_sparse is deprecated and will be removed in a future version. Check `isinstance(dtype, pd.SparseDtype)` instead.
  if is_sparse(data):
/opt/hostedtoolcache/Python/3.10.19/x64/lib/python3.10/site-packages/xgboost/data.py:440: FutureWarning: is_sparse is deprecated and will be removed in a future version. Check `isinstance(dtype, pd.SparseDtype)` instead.
  if is_sparse(data):
/opt/hostedtoolcache/Python/3.10.19/x64/lib/python3.10/site-packages/xgboost/data.py:440: FutureWarning: is_sparse is deprecated and will be removed in a future version. Check `isinstance(dtype, pd.SparseDtype)` instead.
  if is_sparse(data):
/opt/hostedtoolcache/Python/3.10.19/x64/lib/python3.10/site-packages/xgboost/data.py:440: FutureWarning: is_sparse is deprecated and will be removed in a future version. Check `isinstance(dtype, pd.SparseDtype)` instead.
  if is_sparse(data):
/opt/hostedtoolcache/Python/3.10.19/x64/lib/python3.10/site-packages/xgboost/data.py:440: FutureWarning: is_sparse is deprecated and will be removed in a future version. Check `isinstance(dtype, pd.SparseDtype)` instead.
  if is_sparse(data):
/opt/hostedtoolcache/Python/3.10.19/x64/lib/python3.10/site-packages/xgboost/data.py:440: FutureWarning: is_sparse is deprecated and will be removed in a future version. Check `isinstance(dtype, pd.SparseDtype)` instead.
  if is_sparse(data):
/opt/hostedtoolcache/Python/3.10.19/x64/lib/python3.10/site-packages/xgboost/data.py:440: FutureWarning: is_sparse is deprecated and will be removed in a future version. Check `isinstance(dtype, pd.SparseDtype)` instead.
  if is_sparse(data):
/opt/hostedtoolcache/Python/3.10.19/x64/lib/python3.10/site-packages/xgboost/data.py:440: FutureWarning: is_sparse is deprecated and will be removed in a future version. Check `isinstance(dtype, pd.SparseDtype)` instead.
  if is_sparse(data):
/opt/hostedtoolcache/Python/3.10.19/x64/lib/python3.10/site-packages/xgboost/data.py:440: FutureWarning: is_sparse is deprecated and will be removed in a future version. Check `isinstance(dtype, pd.SparseDtype)` instead.
  if is_sparse(data):
/opt/hostedtoolcache/Python/3.10.19/x64/lib/python3.10/site-packages/xgboost/data.py:440: FutureWarning: is_sparse is deprecated and will be removed in a future version. Check `isinstance(dtype, pd.SparseDtype)` instead.
  if is_sparse(data):
/opt/hostedtoolcache/Python/3.10.19/x64/lib/python3.10/site-packages/xgboost/data.py:440: FutureWarning: is_sparse is deprecated and will be removed in a future version. Check `isinstance(dtype, pd.SparseDtype)` instead.
  if is_sparse(data):
/opt/hostedtoolcache/Python/3.10.19/x64/lib/python3.10/site-packages/xgboost/data.py:440: FutureWarning: is_sparse is deprecated and will be removed in a future version. Check `isinstance(dtype, pd.SparseDtype)` instead.
  if is_sparse(data):
/opt/hostedtoolcache/Python/3.10.19/x64/lib/python3.10/site-packages/xgboost/data.py:440: FutureWarning: is_sparse is deprecated and will be removed in a future version. Check `isinstance(dtype, pd.SparseDtype)` instead.
  if is_sparse(data):
/opt/hostedtoolcache/Python/3.10.19/x64/lib/python3.10/site-packages/xgboost/data.py:440: FutureWarning: is_sparse is deprecated and will be removed in a future version. Check `isinstance(dtype, pd.SparseDtype)` instead.
  if is_sparse(data):
/opt/hostedtoolcache/Python/3.10.19/x64/lib/python3.10/site-packages/xgboost/data.py:440: FutureWarning: is_sparse is deprecated and will be removed in a future version. Check `isinstance(dtype, pd.SparseDtype)` instead.
  if is_sparse(data):
/opt/hostedtoolcache/Python/3.10.19/x64/lib/python3.10/site-packages/xgboost/data.py:440: FutureWarning: is_sparse is deprecated and will be removed in a future version. Check `isinstance(dtype, pd.SparseDtype)` instead.
  if is_sparse(data):
/opt/hostedtoolcache/Python/3.10.19/x64/lib/python3.10/site-packages/xgboost/data.py:440: FutureWarning: is_sparse is deprecated and will be removed in a future version. Check `isinstance(dtype, pd.SparseDtype)` instead.
  if is_sparse(data):
/opt/hostedtoolcache/Python/3.10.19/x64/lib/python3.10/site-packages/xgboost/data.py:440: FutureWarning: is_sparse is deprecated and will be removed in a future version. Check `isinstance(dtype, pd.SparseDtype)` instead.
  if is_sparse(data):
/opt/hostedtoolcache/Python/3.10.19/x64/lib/python3.10/site-packages/xgboost/data.py:440: FutureWarning: is_sparse is deprecated and will be removed in a future version. Check `isinstance(dtype, pd.SparseDtype)` instead.
  if is_sparse(data):
/opt/hostedtoolcache/Python/3.10.19/x64/lib/python3.10/site-packages/xgboost/data.py:440: FutureWarning: is_sparse is deprecated and will be removed in a future version. Check `isinstance(dtype, pd.SparseDtype)` instead.
  if is_sparse(data):
/opt/hostedtoolcache/Python/3.10.19/x64/lib/python3.10/site-packages/xgboost/data.py:440: FutureWarning: is_sparse is deprecated and will be removed in a future version. Check `isinstance(dtype, pd.SparseDtype)` instead.
  if is_sparse(data):
/opt/hostedtoolcache/Python/3.10.19/x64/lib/python3.10/site-packages/xgboost/data.py:440: FutureWarning: is_sparse is deprecated and will be removed in a future version. Check `isinstance(dtype, pd.SparseDtype)` instead.
  if is_sparse(data):
/opt/hostedtoolcache/Python/3.10.19/x64/lib/python3.10/site-packages/xgboost/data.py:440: FutureWarning: is_sparse is deprecated and will be removed in a future version. Check `isinstance(dtype, pd.SparseDtype)` instead.
  if is_sparse(data):
/opt/hostedtoolcache/Python/3.10.19/x64/lib/python3.10/site-packages/xgboost/data.py:440: FutureWarning: is_sparse is deprecated and will be removed in a future version. Check `isinstance(dtype, pd.SparseDtype)` instead.
  if is_sparse(data):
/opt/hostedtoolcache/Python/3.10.19/x64/lib/python3.10/site-packages/xgboost/data.py:440: FutureWarning: is_sparse is deprecated and will be removed in a future version. Check `isinstance(dtype, pd.SparseDtype)` instead.
  if is_sparse(data):
/opt/hostedtoolcache/Python/3.10.19/x64/lib/python3.10/site-packages/xgboost/data.py:440: FutureWarning: is_sparse is deprecated and will be removed in a future version. Check `isinstance(dtype, pd.SparseDtype)` instead.
  if is_sparse(data):
/opt/hostedtoolcache/Python/3.10.19/x64/lib/python3.10/site-packages/xgboost/data.py:440: FutureWarning: is_sparse is deprecated and will be removed in a future version. Check `isinstance(dtype, pd.SparseDtype)` instead.
  if is_sparse(data):
/opt/hostedtoolcache/Python/3.10.19/x64/lib/python3.10/site-packages/xgboost/data.py:440: FutureWarning: is_sparse is deprecated and will be removed in a future version. Check `isinstance(dtype, pd.SparseDtype)` instead.
  if is_sparse(data):
/opt/hostedtoolcache/Python/3.10.19/x64/lib/python3.10/site-packages/xgboost/data.py:440: FutureWarning: is_sparse is deprecated and will be removed in a future version. Check `isinstance(dtype, pd.SparseDtype)` instead.
  if is_sparse(data):
/opt/hostedtoolcache/Python/3.10.19/x64/lib/python3.10/site-packages/xgboost/data.py:440: FutureWarning: is_sparse is deprecated and will be removed in a future version. Check `isinstance(dtype, pd.SparseDtype)` instead.
  if is_sparse(data):
/opt/hostedtoolcache/Python/3.10.19/x64/lib/python3.10/site-packages/xgboost/data.py:440: FutureWarning: is_sparse is deprecated and will be removed in a future version. Check `isinstance(dtype, pd.SparseDtype)` instead.
  if is_sparse(data):
/opt/hostedtoolcache/Python/3.10.19/x64/lib/python3.10/site-packages/xgboost/data.py:440: FutureWarning: is_sparse is deprecated and will be removed in a future version. Check `isinstance(dtype, pd.SparseDtype)` instead.
  if is_sparse(data):
/opt/hostedtoolcache/Python/3.10.19/x64/lib/python3.10/site-packages/xgboost/data.py:440: FutureWarning: is_sparse is deprecated and will be removed in a future version. Check `isinstance(dtype, pd.SparseDtype)` instead.
  if is_sparse(data):
/opt/hostedtoolcache/Python/3.10.19/x64/lib/python3.10/site-packages/xgboost/data.py:440: FutureWarning: is_sparse is deprecated and will be removed in a future version. Check `isinstance(dtype, pd.SparseDtype)` instead.
  if is_sparse(data):
/opt/hostedtoolcache/Python/3.10.19/x64/lib/python3.10/site-packages/xgboost/data.py:440: FutureWarning: is_sparse is deprecated and will be removed in a future version. Check `isinstance(dtype, pd.SparseDtype)` instead.
  if is_sparse(data):
/opt/hostedtoolcache/Python/3.10.19/x64/lib/python3.10/site-packages/xgboost/data.py:440: FutureWarning: is_sparse is deprecated and will be removed in a future version. Check `isinstance(dtype, pd.SparseDtype)` instead.
  if is_sparse(data):
/opt/hostedtoolcache/Python/3.10.19/x64/lib/python3.10/site-packages/xgboost/data.py:440: FutureWarning: is_sparse is deprecated and will be removed in a future version. Check `isinstance(dtype, pd.SparseDtype)` instead.
  if is_sparse(data):
/opt/hostedtoolcache/Python/3.10.19/x64/lib/python3.10/site-packages/xgboost/data.py:440: FutureWarning: is_sparse is deprecated and will be removed in a future version. Check `isinstance(dtype, pd.SparseDtype)` instead.
  if is_sparse(data):
/opt/hostedtoolcache/Python/3.10.19/x64/lib/python3.10/site-packages/xgboost/data.py:440: FutureWarning: is_sparse is deprecated and will be removed in a future version. Check `isinstance(dtype, pd.SparseDtype)` instead.
  if is_sparse(data):
/opt/hostedtoolcache/Python/3.10.19/x64/lib/python3.10/site-packages/xgboost/data.py:440: FutureWarning: is_sparse is deprecated and will be removed in a future version. Check `isinstance(dtype, pd.SparseDtype)` instead.
  if is_sparse(data):
/opt/hostedtoolcache/Python/3.10.19/x64/lib/python3.10/site-packages/xgboost/data.py:440: FutureWarning: is_sparse is deprecated and will be removed in a future version. Check `isinstance(dtype, pd.SparseDtype)` instead.
  if is_sparse(data):
/opt/hostedtoolcache/Python/3.10.19/x64/lib/python3.10/site-packages/xgboost/data.py:440: FutureWarning: is_sparse is deprecated and will be removed in a future version. Check `isinstance(dtype, pd.SparseDtype)` instead.
  if is_sparse(data):
/opt/hostedtoolcache/Python/3.10.19/x64/lib/python3.10/site-packages/xgboost/data.py:440: FutureWarning: is_sparse is deprecated and will be removed in a future version. Check `isinstance(dtype, pd.SparseDtype)` instead.
  if is_sparse(data):
/opt/hostedtoolcache/Python/3.10.19/x64/lib/python3.10/site-packages/xgboost/data.py:440: FutureWarning: is_sparse is deprecated and will be removed in a future version. Check `isinstance(dtype, pd.SparseDtype)` instead.
  if is_sparse(data):
/opt/hostedtoolcache/Python/3.10.19/x64/lib/python3.10/site-packages/xgboost/data.py:440: FutureWarning: is_sparse is deprecated and will be removed in a future version. Check `isinstance(dtype, pd.SparseDtype)` instead.
  if is_sparse(data):
/opt/hostedtoolcache/Python/3.10.19/x64/lib/python3.10/site-packages/xgboost/data.py:440: FutureWarning: is_sparse is deprecated and will be removed in a future version. Check `isinstance(dtype, pd.SparseDtype)` instead.
  if is_sparse(data):
/opt/hostedtoolcache/Python/3.10.19/x64/lib/python3.10/site-packages/xgboost/data.py:440: FutureWarning: is_sparse is deprecated and will be removed in a future version. Check `isinstance(dtype, pd.SparseDtype)` instead.
  if is_sparse(data):
/opt/hostedtoolcache/Python/3.10.19/x64/lib/python3.10/site-packages/xgboost/data.py:440: FutureWarning: is_sparse is deprecated and will be removed in a future version. Check `isinstance(dtype, pd.SparseDtype)` instead.
  if is_sparse(data):
/opt/hostedtoolcache/Python/3.10.19/x64/lib/python3.10/site-packages/xgboost/data.py:440: FutureWarning: is_sparse is deprecated and will be removed in a future version. Check `isinstance(dtype, pd.SparseDtype)` instead.
  if is_sparse(data):
/opt/hostedtoolcache/Python/3.10.19/x64/lib/python3.10/site-packages/xgboost/data.py:440: FutureWarning: is_sparse is deprecated and will be removed in a future version. Check `isinstance(dtype, pd.SparseDtype)` instead.
  if is_sparse(data):
/opt/hostedtoolcache/Python/3.10.19/x64/lib/python3.10/site-packages/xgboost/data.py:440: FutureWarning: is_sparse is deprecated and will be removed in a future version. Check `isinstance(dtype, pd.SparseDtype)` instead.
  if is_sparse(data):
/opt/hostedtoolcache/Python/3.10.19/x64/lib/python3.10/site-packages/xgboost/data.py:440: FutureWarning: is_sparse is deprecated and will be removed in a future version. Check `isinstance(dtype, pd.SparseDtype)` instead.
  if is_sparse(data):
/opt/hostedtoolcache/Python/3.10.19/x64/lib/python3.10/site-packages/xgboost/data.py:440: FutureWarning: is_sparse is deprecated and will be removed in a future version. Check `isinstance(dtype, pd.SparseDtype)` instead.
  if is_sparse(data):
/opt/hostedtoolcache/Python/3.10.19/x64/lib/python3.10/site-packages/xgboost/data.py:440: FutureWarning: is_sparse is deprecated and will be removed in a future version. Check `isinstance(dtype, pd.SparseDtype)` instead.
  if is_sparse(data):
/opt/hostedtoolcache/Python/3.10.19/x64/lib/python3.10/site-packages/xgboost/data.py:440: FutureWarning: is_sparse is deprecated and will be removed in a future version. Check `isinstance(dtype, pd.SparseDtype)` instead.
  if is_sparse(data):
/opt/hostedtoolcache/Python/3.10.19/x64/lib/python3.10/site-packages/xgboost/data.py:440: FutureWarning: is_sparse is deprecated and will be removed in a future version. Check `isinstance(dtype, pd.SparseDtype)` instead.
  if is_sparse(data):
/opt/hostedtoolcache/Python/3.10.19/x64/lib/python3.10/site-packages/xgboost/data.py:440: FutureWarning: is_sparse is deprecated and will be removed in a future version. Check `isinstance(dtype, pd.SparseDtype)` instead.
  if is_sparse(data):
/opt/hostedtoolcache/Python/3.10.19/x64/lib/python3.10/site-packages/xgboost/data.py:440: FutureWarning: is_sparse is deprecated and will be removed in a future version. Check `isinstance(dtype, pd.SparseDtype)` instead.
  if is_sparse(data):
/opt/hostedtoolcache/Python/3.10.19/x64/lib/python3.10/site-packages/xgboost/data.py:440: FutureWarning: is_sparse is deprecated and will be removed in a future version. Check `isinstance(dtype, pd.SparseDtype)` instead.
  if is_sparse(data):
/opt/hostedtoolcache/Python/3.10.19/x64/lib/python3.10/site-packages/xgboost/data.py:440: FutureWarning: is_sparse is deprecated and will be removed in a future version. Check `isinstance(dtype, pd.SparseDtype)` instead.
  if is_sparse(data):
/opt/hostedtoolcache/Python/3.10.19/x64/lib/python3.10/site-packages/xgboost/data.py:440: FutureWarning: is_sparse is deprecated and will be removed in a future version. Check `isinstance(dtype, pd.SparseDtype)` instead.
  if is_sparse(data):
/opt/hostedtoolcache/Python/3.10.19/x64/lib/python3.10/site-packages/xgboost/data.py:440: FutureWarning: is_sparse is deprecated and will be removed in a future version. Check `isinstance(dtype, pd.SparseDtype)` instead.
  if is_sparse(data):
/opt/hostedtoolcache/Python/3.10.19/x64/lib/python3.10/site-packages/xgboost/data.py:440: FutureWarning: is_sparse is deprecated and will be removed in a future version. Check `isinstance(dtype, pd.SparseDtype)` instead.
  if is_sparse(data):
/opt/hostedtoolcache/Python/3.10.19/x64/lib/python3.10/site-packages/xgboost/data.py:440: FutureWarning: is_sparse is deprecated and will be removed in a future version. Check `isinstance(dtype, pd.SparseDtype)` instead.
  if is_sparse(data):
/opt/hostedtoolcache/Python/3.10.19/x64/lib/python3.10/site-packages/xgboost/data.py:440: FutureWarning: is_sparse is deprecated and will be removed in a future version. Check `isinstance(dtype, pd.SparseDtype)` instead.
  if is_sparse(data):
/opt/hostedtoolcache/Python/3.10.19/x64/lib/python3.10/site-packages/xgboost/data.py:440: FutureWarning: is_sparse is deprecated and will be removed in a future version. Check `isinstance(dtype, pd.SparseDtype)` instead.
  if is_sparse(data):
/opt/hostedtoolcache/Python/3.10.19/x64/lib/python3.10/site-packages/xgboost/data.py:440: FutureWarning: is_sparse is deprecated and will be removed in a future version. Check `isinstance(dtype, pd.SparseDtype)` instead.
  if is_sparse(data):
/opt/hostedtoolcache/Python/3.10.19/x64/lib/python3.10/site-packages/xgboost/data.py:440: FutureWarning: is_sparse is deprecated and will be removed in a future version. Check `isinstance(dtype, pd.SparseDtype)` instead.
  if is_sparse(data):
/opt/hostedtoolcache/Python/3.10.19/x64/lib/python3.10/site-packages/xgboost/data.py:440: FutureWarning: is_sparse is deprecated and will be removed in a future version. Check `isinstance(dtype, pd.SparseDtype)` instead.
  if is_sparse(data):
/opt/hostedtoolcache/Python/3.10.19/x64/lib/python3.10/site-packages/xgboost/data.py:440: FutureWarning: is_sparse is deprecated and will be removed in a future version. Check `isinstance(dtype, pd.SparseDtype)` instead.
  if is_sparse(data):
/opt/hostedtoolcache/Python/3.10.19/x64/lib/python3.10/site-packages/xgboost/data.py:440: FutureWarning: is_sparse is deprecated and will be removed in a future version. Check `isinstance(dtype, pd.SparseDtype)` instead.
  if is_sparse(data):
/opt/hostedtoolcache/Python/3.10.19/x64/lib/python3.10/site-packages/xgboost/data.py:440: FutureWarning: is_sparse is deprecated and will be removed in a future version. Check `isinstance(dtype, pd.SparseDtype)` instead.
  if is_sparse(data):
/opt/hostedtoolcache/Python/3.10.19/x64/lib/python3.10/site-packages/xgboost/data.py:440: FutureWarning: is_sparse is deprecated and will be removed in a future version. Check `isinstance(dtype, pd.SparseDtype)` instead.
  if is_sparse(data):
/opt/hostedtoolcache/Python/3.10.19/x64/lib/python3.10/site-packages/xgboost/data.py:440: FutureWarning: is_sparse is deprecated and will be removed in a future version. Check `isinstance(dtype, pd.SparseDtype)` instead.
  if is_sparse(data):
/opt/hostedtoolcache/Python/3.10.19/x64/lib/python3.10/site-packages/xgboost/data.py:440: FutureWarning: is_sparse is deprecated and will be removed in a future version. Check `isinstance(dtype, pd.SparseDtype)` instead.
  if is_sparse(data):
/opt/hostedtoolcache/Python/3.10.19/x64/lib/python3.10/site-packages/xgboost/data.py:440: FutureWarning: is_sparse is deprecated and will be removed in a future version. Check `isinstance(dtype, pd.SparseDtype)` instead.
  if is_sparse(data):
/opt/hostedtoolcache/Python/3.10.19/x64/lib/python3.10/site-packages/xgboost/data.py:440: FutureWarning: is_sparse is deprecated and will be removed in a future version. Check `isinstance(dtype, pd.SparseDtype)` instead.
  if is_sparse(data):
/opt/hostedtoolcache/Python/3.10.19/x64/lib/python3.10/site-packages/xgboost/data.py:440: FutureWarning: is_sparse is deprecated and will be removed in a future version. Check `isinstance(dtype, pd.SparseDtype)` instead.
  if is_sparse(data):
/opt/hostedtoolcache/Python/3.10.19/x64/lib/python3.10/site-packages/xgboost/data.py:440: FutureWarning: is_sparse is deprecated and will be removed in a future version. Check `isinstance(dtype, pd.SparseDtype)` instead.
  if is_sparse(data):
/opt/hostedtoolcache/Python/3.10.19/x64/lib/python3.10/site-packages/xgboost/data.py:440: FutureWarning: is_sparse is deprecated and will be removed in a future version. Check `isinstance(dtype, pd.SparseDtype)` instead.
  if is_sparse(data):
/opt/hostedtoolcache/Python/3.10.19/x64/lib/python3.10/site-packages/xgboost/data.py:440: FutureWarning: is_sparse is deprecated and will be removed in a future version. Check `isinstance(dtype, pd.SparseDtype)` instead.
  if is_sparse(data):
/opt/hostedtoolcache/Python/3.10.19/x64/lib/python3.10/site-packages/xgboost/data.py:440: FutureWarning: is_sparse is deprecated and will be removed in a future version. Check `isinstance(dtype, pd.SparseDtype)` instead.
  if is_sparse(data):
/opt/hostedtoolcache/Python/3.10.19/x64/lib/python3.10/site-packages/xgboost/data.py:440: FutureWarning: is_sparse is deprecated and will be removed in a future version. Check `isinstance(dtype, pd.SparseDtype)` instead.
  if is_sparse(data):
/opt/hostedtoolcache/Python/3.10.19/x64/lib/python3.10/site-packages/xgboost/data.py:440: FutureWarning: is_sparse is deprecated and will be removed in a future version. Check `isinstance(dtype, pd.SparseDtype)` instead.
  if is_sparse(data):
/opt/hostedtoolcache/Python/3.10.19/x64/lib/python3.10/site-packages/xgboost/data.py:440: FutureWarning: is_sparse is deprecated and will be removed in a future version. Check `isinstance(dtype, pd.SparseDtype)` instead.
  if is_sparse(data):
/opt/hostedtoolcache/Python/3.10.19/x64/lib/python3.10/site-packages/xgboost/data.py:440: FutureWarning: is_sparse is deprecated and will be removed in a future version. Check `isinstance(dtype, pd.SparseDtype)` instead.
  if is_sparse(data):
/opt/hostedtoolcache/Python/3.10.19/x64/lib/python3.10/site-packages/xgboost/data.py:440: FutureWarning: is_sparse is deprecated and will be removed in a future version. Check `isinstance(dtype, pd.SparseDtype)` instead.
  if is_sparse(data):
/opt/hostedtoolcache/Python/3.10.19/x64/lib/python3.10/site-packages/xgboost/data.py:440: FutureWarning: is_sparse is deprecated and will be removed in a future version. Check `isinstance(dtype, pd.SparseDtype)` instead.
  if is_sparse(data):
/opt/hostedtoolcache/Python/3.10.19/x64/lib/python3.10/site-packages/xgboost/data.py:440: FutureWarning: is_sparse is deprecated and will be removed in a future version. Check `isinstance(dtype, pd.SparseDtype)` instead.
  if is_sparse(data):
/opt/hostedtoolcache/Python/3.10.19/x64/lib/python3.10/site-packages/xgboost/data.py:440: FutureWarning: is_sparse is deprecated and will be removed in a future version. Check `isinstance(dtype, pd.SparseDtype)` instead.
  if is_sparse(data):
/opt/hostedtoolcache/Python/3.10.19/x64/lib/python3.10/site-packages/xgboost/data.py:440: FutureWarning: is_sparse is deprecated and will be removed in a future version. Check `isinstance(dtype, pd.SparseDtype)` instead.
  if is_sparse(data):
/opt/hostedtoolcache/Python/3.10.19/x64/lib/python3.10/site-packages/xgboost/data.py:440: FutureWarning: is_sparse is deprecated and will be removed in a future version. Check `isinstance(dtype, pd.SparseDtype)` instead.
  if is_sparse(data):
/opt/hostedtoolcache/Python/3.10.19/x64/lib/python3.10/site-packages/xgboost/data.py:440: FutureWarning: is_sparse is deprecated and will be removed in a future version. Check `isinstance(dtype, pd.SparseDtype)` instead.
  if is_sparse(data):
/opt/hostedtoolcache/Python/3.10.19/x64/lib/python3.10/site-packages/xgboost/data.py:440: FutureWarning: is_sparse is deprecated and will be removed in a future version. Check `isinstance(dtype, pd.SparseDtype)` instead.
  if is_sparse(data):
/opt/hostedtoolcache/Python/3.10.19/x64/lib/python3.10/site-packages/xgboost/data.py:440: FutureWarning: is_sparse is deprecated and will be removed in a future version. Check `isinstance(dtype, pd.SparseDtype)` instead.
  if is_sparse(data):
/opt/hostedtoolcache/Python/3.10.19/x64/lib/python3.10/site-packages/xgboost/data.py:440: FutureWarning: is_sparse is deprecated and will be removed in a future version. Check `isinstance(dtype, pd.SparseDtype)` instead.
  if is_sparse(data):
/opt/hostedtoolcache/Python/3.10.19/x64/lib/python3.10/site-packages/xgboost/data.py:440: FutureWarning: is_sparse is deprecated and will be removed in a future version. Check `isinstance(dtype, pd.SparseDtype)` instead.
  if is_sparse(data):
/opt/hostedtoolcache/Python/3.10.19/x64/lib/python3.10/site-packages/xgboost/data.py:440: FutureWarning: is_sparse is deprecated and will be removed in a future version. Check `isinstance(dtype, pd.SparseDtype)` instead.
  if is_sparse(data):
/opt/hostedtoolcache/Python/3.10.19/x64/lib/python3.10/site-packages/xgboost/data.py:440: FutureWarning: is_sparse is deprecated and will be removed in a future version. Check `isinstance(dtype, pd.SparseDtype)` instead.
  if is_sparse(data):
/opt/hostedtoolcache/Python/3.10.19/x64/lib/python3.10/site-packages/xgboost/data.py:440: FutureWarning: is_sparse is deprecated and will be removed in a future version. Check `isinstance(dtype, pd.SparseDtype)` instead.
  if is_sparse(data):
/opt/hostedtoolcache/Python/3.10.19/x64/lib/python3.10/site-packages/xgboost/data.py:440: FutureWarning: is_sparse is deprecated and will be removed in a future version. Check `isinstance(dtype, pd.SparseDtype)` instead.
  if is_sparse(data):
/opt/hostedtoolcache/Python/3.10.19/x64/lib/python3.10/site-packages/xgboost/data.py:440: FutureWarning: is_sparse is deprecated and will be removed in a future version. Check `isinstance(dtype, pd.SparseDtype)` instead.
  if is_sparse(data):
/opt/hostedtoolcache/Python/3.10.19/x64/lib/python3.10/site-packages/xgboost/data.py:440: FutureWarning: is_sparse is deprecated and will be removed in a future version. Check `isinstance(dtype, pd.SparseDtype)` instead.
  if is_sparse(data):
/opt/hostedtoolcache/Python/3.10.19/x64/lib/python3.10/site-packages/xgboost/data.py:440: FutureWarning: is_sparse is deprecated and will be removed in a future version. Check `isinstance(dtype, pd.SparseDtype)` instead.
  if is_sparse(data):
/opt/hostedtoolcache/Python/3.10.19/x64/lib/python3.10/site-packages/xgboost/data.py:440: FutureWarning: is_sparse is deprecated and will be removed in a future version. Check `isinstance(dtype, pd.SparseDtype)` instead.
  if is_sparse(data):
/opt/hostedtoolcache/Python/3.10.19/x64/lib/python3.10/site-packages/xgboost/data.py:440: FutureWarning: is_sparse is deprecated and will be removed in a future version. Check `isinstance(dtype, pd.SparseDtype)` instead.
  if is_sparse(data):
/opt/hostedtoolcache/Python/3.10.19/x64/lib/python3.10/site-packages/xgboost/data.py:440: FutureWarning: is_sparse is deprecated and will be removed in a future version. Check `isinstance(dtype, pd.SparseDtype)` instead.
  if is_sparse(data):
/opt/hostedtoolcache/Python/3.10.19/x64/lib/python3.10/site-packages/xgboost/data.py:440: FutureWarning: is_sparse is deprecated and will be removed in a future version. Check `isinstance(dtype, pd.SparseDtype)` instead.
  if is_sparse(data):
/opt/hostedtoolcache/Python/3.10.19/x64/lib/python3.10/site-packages/xgboost/data.py:440: FutureWarning: is_sparse is deprecated and will be removed in a future version. Check `isinstance(dtype, pd.SparseDtype)` instead.
  if is_sparse(data):
/opt/hostedtoolcache/Python/3.10.19/x64/lib/python3.10/site-packages/xgboost/data.py:440: FutureWarning: is_sparse is deprecated and will be removed in a future version. Check `isinstance(dtype, pd.SparseDtype)` instead.
  if is_sparse(data):
/opt/hostedtoolcache/Python/3.10.19/x64/lib/python3.10/site-packages/xgboost/data.py:440: FutureWarning: is_sparse is deprecated and will be removed in a future version. Check `isinstance(dtype, pd.SparseDtype)` instead.
  if is_sparse(data):
/opt/hostedtoolcache/Python/3.10.19/x64/lib/python3.10/site-packages/xgboost/data.py:440: FutureWarning: is_sparse is deprecated and will be removed in a future version. Check `isinstance(dtype, pd.SparseDtype)` instead.
  if is_sparse(data):
/opt/hostedtoolcache/Python/3.10.19/x64/lib/python3.10/site-packages/xgboost/data.py:440: FutureWarning: is_sparse is deprecated and will be removed in a future version. Check `isinstance(dtype, pd.SparseDtype)` instead.
  if is_sparse(data):
/opt/hostedtoolcache/Python/3.10.19/x64/lib/python3.10/site-packages/xgboost/data.py:440: FutureWarning: is_sparse is deprecated and will be removed in a future version. Check `isinstance(dtype, pd.SparseDtype)` instead.
  if is_sparse(data):
/opt/hostedtoolcache/Python/3.10.19/x64/lib/python3.10/site-packages/xgboost/data.py:440: FutureWarning: is_sparse is deprecated and will be removed in a future version. Check `isinstance(dtype, pd.SparseDtype)` instead.
  if is_sparse(data):
/opt/hostedtoolcache/Python/3.10.19/x64/lib/python3.10/site-packages/xgboost/data.py:440: FutureWarning: is_sparse is deprecated and will be removed in a future version. Check `isinstance(dtype, pd.SparseDtype)` instead.
  if is_sparse(data):
/opt/hostedtoolcache/Python/3.10.19/x64/lib/python3.10/site-packages/xgboost/data.py:440: FutureWarning: is_sparse is deprecated and will be removed in a future version. Check `isinstance(dtype, pd.SparseDtype)` instead.
  if is_sparse(data):
/opt/hostedtoolcache/Python/3.10.19/x64/lib/python3.10/site-packages/xgboost/data.py:440: FutureWarning: is_sparse is deprecated and will be removed in a future version. Check `isinstance(dtype, pd.SparseDtype)` instead.
  if is_sparse(data):
/opt/hostedtoolcache/Python/3.10.19/x64/lib/python3.10/site-packages/xgboost/data.py:440: FutureWarning: is_sparse is deprecated and will be removed in a future version. Check `isinstance(dtype, pd.SparseDtype)` instead.
  if is_sparse(data):
/opt/hostedtoolcache/Python/3.10.19/x64/lib/python3.10/site-packages/xgboost/data.py:440: FutureWarning: is_sparse is deprecated and will be removed in a future version. Check `isinstance(dtype, pd.SparseDtype)` instead.
  if is_sparse(data):
/opt/hostedtoolcache/Python/3.10.19/x64/lib/python3.10/site-packages/xgboost/data.py:440: FutureWarning: is_sparse is deprecated and will be removed in a future version. Check `isinstance(dtype, pd.SparseDtype)` instead.
  if is_sparse(data):
/opt/hostedtoolcache/Python/3.10.19/x64/lib/python3.10/site-packages/xgboost/data.py:440: FutureWarning: is_sparse is deprecated and will be removed in a future version. Check `isinstance(dtype, pd.SparseDtype)` instead.
  if is_sparse(data):
/opt/hostedtoolcache/Python/3.10.19/x64/lib/python3.10/site-packages/xgboost/data.py:440: FutureWarning: is_sparse is deprecated and will be removed in a future version. Check `isinstance(dtype, pd.SparseDtype)` instead.
  if is_sparse(data):
/opt/hostedtoolcache/Python/3.10.19/x64/lib/python3.10/site-packages/xgboost/data.py:440: FutureWarning: is_sparse is deprecated and will be removed in a future version. Check `isinstance(dtype, pd.SparseDtype)` instead.
  if is_sparse(data):
/opt/hostedtoolcache/Python/3.10.19/x64/lib/python3.10/site-packages/xgboost/data.py:440: FutureWarning: is_sparse is deprecated and will be removed in a future version. Check `isinstance(dtype, pd.SparseDtype)` instead.
  if is_sparse(data):
/opt/hostedtoolcache/Python/3.10.19/x64/lib/python3.10/site-packages/xgboost/data.py:440: FutureWarning: is_sparse is deprecated and will be removed in a future version. Check `isinstance(dtype, pd.SparseDtype)` instead.
  if is_sparse(data):
/opt/hostedtoolcache/Python/3.10.19/x64/lib/python3.10/site-packages/xgboost/data.py:440: FutureWarning: is_sparse is deprecated and will be removed in a future version. Check `isinstance(dtype, pd.SparseDtype)` instead.
  if is_sparse(data):
/opt/hostedtoolcache/Python/3.10.19/x64/lib/python3.10/site-packages/xgboost/data.py:440: FutureWarning: is_sparse is deprecated and will be removed in a future version. Check `isinstance(dtype, pd.SparseDtype)` instead.
  if is_sparse(data):
/opt/hostedtoolcache/Python/3.10.19/x64/lib/python3.10/site-packages/xgboost/data.py:440: FutureWarning: is_sparse is deprecated and will be removed in a future version. Check `isinstance(dtype, pd.SparseDtype)` instead.
  if is_sparse(data):
/opt/hostedtoolcache/Python/3.10.19/x64/lib/python3.10/site-packages/xgboost/data.py:440: FutureWarning: is_sparse is deprecated and will be removed in a future version. Check `isinstance(dtype, pd.SparseDtype)` instead.
  if is_sparse(data):
/opt/hostedtoolcache/Python/3.10.19/x64/lib/python3.10/site-packages/xgboost/data.py:440: FutureWarning: is_sparse is deprecated and will be removed in a future version. Check `isinstance(dtype, pd.SparseDtype)` instead.
  if is_sparse(data):
/opt/hostedtoolcache/Python/3.10.19/x64/lib/python3.10/site-packages/xgboost/data.py:440: FutureWarning: is_sparse is deprecated and will be removed in a future version. Check `isinstance(dtype, pd.SparseDtype)` instead.
  if is_sparse(data):
/opt/hostedtoolcache/Python/3.10.19/x64/lib/python3.10/site-packages/xgboost/data.py:440: FutureWarning: is_sparse is deprecated and will be removed in a future version. Check `isinstance(dtype, pd.SparseDtype)` instead.
  if is_sparse(data):
/opt/hostedtoolcache/Python/3.10.19/x64/lib/python3.10/site-packages/xgboost/data.py:440: FutureWarning: is_sparse is deprecated and will be removed in a future version. Check `isinstance(dtype, pd.SparseDtype)` instead.
  if is_sparse(data):
/opt/hostedtoolcache/Python/3.10.19/x64/lib/python3.10/site-packages/xgboost/data.py:440: FutureWarning: is_sparse is deprecated and will be removed in a future version. Check `isinstance(dtype, pd.SparseDtype)` instead.
  if is_sparse(data):
/opt/hostedtoolcache/Python/3.10.19/x64/lib/python3.10/site-packages/xgboost/data.py:440: FutureWarning: is_sparse is deprecated and will be removed in a future version. Check `isinstance(dtype, pd.SparseDtype)` instead.
  if is_sparse(data):
/opt/hostedtoolcache/Python/3.10.19/x64/lib/python3.10/site-packages/xgboost/data.py:440: FutureWarning: is_sparse is deprecated and will be removed in a future version. Check `isinstance(dtype, pd.SparseDtype)` instead.
  if is_sparse(data):
/opt/hostedtoolcache/Python/3.10.19/x64/lib/python3.10/site-packages/xgboost/data.py:440: FutureWarning: is_sparse is deprecated and will be removed in a future version. Check `isinstance(dtype, pd.SparseDtype)` instead.
  if is_sparse(data):
/opt/hostedtoolcache/Python/3.10.19/x64/lib/python3.10/site-packages/xgboost/data.py:440: FutureWarning: is_sparse is deprecated and will be removed in a future version. Check `isinstance(dtype, pd.SparseDtype)` instead.
  if is_sparse(data):
/opt/hostedtoolcache/Python/3.10.19/x64/lib/python3.10/site-packages/xgboost/data.py:440: FutureWarning: is_sparse is deprecated and will be removed in a future version. Check `isinstance(dtype, pd.SparseDtype)` instead.
  if is_sparse(data):
/opt/hostedtoolcache/Python/3.10.19/x64/lib/python3.10/site-packages/xgboost/data.py:440: FutureWarning: is_sparse is deprecated and will be removed in a future version. Check `isinstance(dtype, pd.SparseDtype)` instead.
  if is_sparse(data):
/opt/hostedtoolcache/Python/3.10.19/x64/lib/python3.10/site-packages/xgboost/data.py:440: FutureWarning: is_sparse is deprecated and will be removed in a future version. Check `isinstance(dtype, pd.SparseDtype)` instead.
  if is_sparse(data):
/opt/hostedtoolcache/Python/3.10.19/x64/lib/python3.10/site-packages/xgboost/data.py:440: FutureWarning: is_sparse is deprecated and will be removed in a future version. Check `isinstance(dtype, pd.SparseDtype)` instead.
  if is_sparse(data):
/opt/hostedtoolcache/Python/3.10.19/x64/lib/python3.10/site-packages/xgboost/data.py:440: FutureWarning: is_sparse is deprecated and will be removed in a future version. Check `isinstance(dtype, pd.SparseDtype)` instead.
  if is_sparse(data):
/opt/hostedtoolcache/Python/3.10.19/x64/lib/python3.10/site-packages/xgboost/data.py:440: FutureWarning: is_sparse is deprecated and will be removed in a future version. Check `isinstance(dtype, pd.SparseDtype)` instead.
  if is_sparse(data):
/opt/hostedtoolcache/Python/3.10.19/x64/lib/python3.10/site-packages/xgboost/data.py:440: FutureWarning: is_sparse is deprecated and will be removed in a future version. Check `isinstance(dtype, pd.SparseDtype)` instead.
  if is_sparse(data):
/opt/hostedtoolcache/Python/3.10.19/x64/lib/python3.10/site-packages/xgboost/data.py:440: FutureWarning: is_sparse is deprecated and will be removed in a future version. Check `isinstance(dtype, pd.SparseDtype)` instead.
  if is_sparse(data):
/opt/hostedtoolcache/Python/3.10.19/x64/lib/python3.10/site-packages/xgboost/data.py:440: FutureWarning: is_sparse is deprecated and will be removed in a future version. Check `isinstance(dtype, pd.SparseDtype)` instead.
  if is_sparse(data):
/opt/hostedtoolcache/Python/3.10.19/x64/lib/python3.10/site-packages/xgboost/data.py:440: FutureWarning: is_sparse is deprecated and will be removed in a future version. Check `isinstance(dtype, pd.SparseDtype)` instead.
  if is_sparse(data):
    ✓ Best params: {'colsample_bytree': 0.8, 'learning_rate': 0.01, 'max_depth': 3, 'subsample': 0.8}
    ✓ CV Score: 1.0000
    ✓ Test Accuracy: 1.0000
    ✓ Improvement: +0.4000

============================================================
Fetching AAPL...
============================================================
[2026-03-15 03:55:52] AAPL   | LOCAL_CACHE     | SUCCESS  | 126 rows
  [FEATURES] Original columns: ['Date', 'Open', 'High', 'Low', 'Close', 'Volume']
  [FEATURES] Renamed columns: ['Date', 'Open', 'High', 'Low', 'Close', 'Volume']
  [FEATURES] Basic features added: 30 columns
  [FEATURES] Adding advanced indicators for AAPL...
  [Features] Adding advanced indicators...
    ✓ Bollinger Bands
    ✓ ADX
    ✓ RSI & Divergence
    ✓ MACD
    ✓ Volume Features
    ✓ Volatility Features
    ✓ Momentum Features
    ✓ Trend Features
  [Features] Total features: 74
  [FEATURES] Advanced features added successfully
  [FEATURES] Total features: 74
  [FEATURES] Final dataset: 126 rows × 74 columns

>>> Tuning XGBoost for AAPL
    Training set: (100, 72)
    Starting grid search...
    ✓ Best params: {'colsample_bytree': 0.8, 'learning_rate': 0.01, 'max_depth': 3, 'subsample': 0.8}
    ✓ CV Score: 1.0000
    ✓ Test Accuracy: 1.0000
    ✓ Improvement: +0.4000

============================================================
Fetching MSFT...
============================================================
[2026-03-15 03:55:53] MSFT   | LOCAL_CACHE     | SUCCESS  | 126 rows
  [FEATURES] Original columns: ['Date', 'Open', 'High', 'Low', 'Close', 'Volume']
  [FEATURES] Renamed columns: ['Date', 'Open', 'High', 'Low', 'Close', 'Volume']
  [FEATURES] Basic features added: 30 columns
  [FEATURES] Adding advanced indicators for MSFT...
  [Features] Adding advanced indicators...
    ✓ Bollinger Bands
    ✓ ADX
    ✓ RSI & Divergence
    ✓ MACD
    ✓ Volume Features
    ✓ Volatility Features
    ✓ Momentum Features
    ✓ Trend Features
  [Features] Total features: 74
  [FEATURES] Advanced features added successfully
  [FEATURES] Total features: 74
  [FEATURES] Final dataset: 126 rows × 74 columns

>>> Tuning XGBoost for MSFT
    Training set: (100, 72)
    Starting grid search...
    ✓ Best params: {'colsample_bytree': 0.8, 'learning_rate': 0.01, 'max_depth': 3, 'subsample': 0.8}
    ✓ CV Score: 1.0000
    ✓ Test Accuracy: 1.0000
    ✓ Improvement: +0.4000

============================================================
Fetching GOOGL...
============================================================
[2026-03-15 03:55:54] GOOGL  | LOCAL_CACHE     | SUCCESS  | 126 rows
  [FEATURES] Original columns: ['Date', 'Open', 'High', 'Low', 'Close', 'Volume']
  [FEATURES] Renamed columns: ['Date', 'Open', 'High', 'Low', 'Close', 'Volume']
  [FEATURES] Basic features added: 30 columns
  [FEATURES] Adding advanced indicators for GOOGL...
  [Features] Adding advanced indicators...
    ✓ Bollinger Bands
    ✓ ADX
    ✓ RSI & Divergence
    ✓ MACD
    ✓ Volume Features
    ✓ Volatility Features
    ✓ Momentum Features
    ✓ Trend Features
  [Features] Total features: 74
  [FEATURES] Advanced features added successfully
  [FEATURES] Total features: 74
  [FEATURES] Final dataset: 126 rows × 74 columns

>>> Tuning XGBoost for GOOGL
    Training set: (100, 72)
    Starting grid search...
    ✓ Best params: {'colsample_bytree': 0.8, 'learning_rate': 0.01, 'max_depth': 3, 'subsample': 0.8}
    ✓ CV Score: 1.0000
    ✓ Test Accuracy: 1.0000
    ✓ Improvement: +0.4000

============================================================
Fetching AMZN...
============================================================
[2026-03-15 03:55:54] AMZN   | LOCAL_CACHE     | SUCCESS  | 126 rows
  [FEATURES] Original columns: ['Date', 'Open', 'High', 'Low', 'Close', 'Volume']
  [FEATURES] Renamed columns: ['Date', 'Open', 'High', 'Low', 'Close', 'Volume']
  [FEATURES] Basic features added: 30 columns
  [FEATURES] Adding advanced indicators for AMZN...
  [Features] Adding advanced indicators...
    ✓ Bollinger Bands
    ✓ ADX
    ✓ RSI & Divergence
    ✓ MACD
    ✓ Volume Features
    ✓ Volatility Features
    ✓ Momentum Features
    ✓ Trend Features
  [Features] Total features: 74
  [FEATURES] Advanced features added successfully
  [FEATURES] Total features: 74
  [FEATURES] Final dataset: 126 rows × 74 columns

>>> Tuning XGBoost for AMZN
    Training set: (100, 72)
    Starting grid search...
    ✓ Best params: {'colsample_bytree': 0.8, 'learning_rate': 0.01, 'max_depth': 3, 'subsample': 0.8}
    ✓ CV Score: 1.0000
    ✓ Test Accuracy: 1.0000
    ✓ Improvement: +0.4000

============================================================
Fetching META...
============================================================
[2026-03-15 03:55:55] META   | LOCAL_CACHE     | SUCCESS  | 126 rows
  [FEATURES] Original columns: ['Date', 'Open', 'High', 'Low', 'Close', 'Volume']
  [FEATURES] Renamed columns: ['Date', 'Open', 'High', 'Low', 'Close', 'Volume']
  [FEATURES] Basic features added: 30 columns
  [FEATURES] Adding advanced indicators for META...
  [Features] Adding advanced indicators...
    ✓ Bollinger Bands
    ✓ ADX
    ✓ RSI & Divergence
    ✓ MACD
    ✓ Volume Features
    ✓ Volatility Features
    ✓ Momentum Features
    ✓ Trend Features
  [Features] Total features: 74
  [FEATURES] Advanced features added successfully
  [FEATURES] Total features: 74
  [FEATURES] Final dataset: 126 rows × 74 columns

>>> Tuning XGBoost for META
    Training set: (100, 72)
    Starting grid search...
    ✓ Best params: {'colsample_bytree': 0.8, 'learning_rate': 0.01, 'max_depth': 3, 'subsample': 0.8}
    ✓ CV Score: 1.0000
    ✓ Test Accuracy: 1.0000
    ✓ Improvement: +0.4000

============================================================
Fetching TSLA...
============================================================
[2026-03-15 03:55:55] TSLA   | LOCAL_CACHE     | SUCCESS  | 126 rows
  [FEATURES] Original columns: ['Date', 'Open', 'High', 'Low', 'Close', 'Volume']
  [FEATURES] Renamed columns: ['Date', 'Open', 'High', 'Low', 'Close', 'Volume']
  [FEATURES] Basic features added: 30 columns
  [FEATURES] Adding advanced indicators for TSLA...
  [Features] Adding advanced indicators...
    ✓ Bollinger Bands
    ✓ ADX
    ✓ RSI & Divergence
    ✓ MACD
    ✓ Volume Features
    ✓ Volatility Features
    ✓ Momentum Features
    ✓ Trend Features
  [Features] Total features: 74
  [FEATURES] Advanced features added successfully
  [FEATURES] Total features: 74
  [FEATURES] Final dataset: 126 rows × 74 columns

>>> Tuning XGBoost for TSLA
    Training set: (100, 72)
    Starting grid search...
    ✓ Best params: {'colsample_bytree': 0.8, 'learning_rate': 0.01, 'max_depth': 3, 'subsample': 0.8}
    ✓ CV Score: 1.0000
    ✓ Test Accuracy: 1.0000
    ✓ Improvement: +0.4000

============================================================
Fetching AMD...
============================================================
[2026-03-15 03:55:56] AMD    | LOCAL_CACHE     | SUCCESS  | 126 rows
  [FEATURES] Original columns: ['Date', 'Open', 'High', 'Low', 'Close', 'Volume']
  [FEATURES] Renamed columns: ['Date', 'Open', 'High', 'Low', 'Close', 'Volume']
  [FEATURES] Basic features added: 30 columns
  [FEATURES] Adding advanced indicators for AMD...
  [Features] Adding advanced indicators...
    ✓ Bollinger Bands
    ✓ ADX
    ✓ RSI & Divergence
    ✓ MACD
    ✓ Volume Features
    ✓ Volatility Features
    ✓ Momentum Features
    ✓ Trend Features
  [Features] Total features: 74
  [FEATURES] Advanced features added successfully
  [FEATURES] Total features: 74
  [FEATURES] Final dataset: 126 rows × 74 columns

>>> Tuning XGBoost for AMD
    Training set: (100, 72)
    Starting grid search...
    ✓ Best params: {'colsample_bytree': 0.8, 'learning_rate': 0.01, 'max_depth': 3, 'subsample': 0.8}
    ✓ CV Score: 1.0000
    ✓ Test Accuracy: 1.0000
    ✓ Improvement: +0.4000

============================================================
Fetching NFLX...
/opt/hostedtoolcache/Python/3.10.19/x64/lib/python3.10/site-packages/xgboost/data.py:440: FutureWarning: is_sparse is deprecated and will be removed in a future version. Check `isinstance(dtype, pd.SparseDtype)` instead.
  if is_sparse(data):
/opt/hostedtoolcache/Python/3.10.19/x64/lib/python3.10/site-packages/xgboost/data.py:440: FutureWarning: is_sparse is deprecated and will be removed in a future version. Check `isinstance(dtype, pd.SparseDtype)` instead.
  if is_sparse(data):
/opt/hostedtoolcache/Python/3.10.19/x64/lib/python3.10/site-packages/xgboost/data.py:440: FutureWarning: is_sparse is deprecated and will be removed in a future version. Check `isinstance(dtype, pd.SparseDtype)` instead.
  if is_sparse(data):
/opt/hostedtoolcache/Python/3.10.19/x64/lib/python3.10/site-packages/xgboost/data.py:440: FutureWarning: is_sparse is deprecated and will be removed in a future version. Check `isinstance(dtype, pd.SparseDtype)` instead.
  if is_sparse(data):
/opt/hostedtoolcache/Python/3.10.19/x64/lib/python3.10/site-packages/xgboost/data.py:440: FutureWarning: is_sparse is deprecated and will be removed in a future version. Check `isinstance(dtype, pd.SparseDtype)` instead.
  if is_sparse(data):
/opt/hostedtoolcache/Python/3.10.19/x64/lib/python3.10/site-packages/xgboost/data.py:440: FutureWarning: is_sparse is deprecated and will be removed in a future version. Check `isinstance(dtype, pd.SparseDtype)` instead.
  if is_sparse(data):
/opt/hostedtoolcache/Python/3.10.19/x64/lib/python3.10/site-packages/xgboost/data.py:440: FutureWarning: is_sparse is deprecated and will be removed in a future version. Check `isinstance(dtype, pd.SparseDtype)` instead.
  if is_sparse(data):
/opt/hostedtoolcache/Python/3.10.19/x64/lib/python3.10/site-packages/xgboost/data.py:440: FutureWarning: is_sparse is deprecated and will be removed in a future version. Check `isinstance(dtype, pd.SparseDtype)` instead.
  if is_sparse(data):
/opt/hostedtoolcache/Python/3.10.19/x64/lib/python3.10/site-packages/xgboost/data.py:440: FutureWarning: is_sparse is deprecated and will be removed in a future version. Check `isinstance(dtype, pd.SparseDtype)` instead.
  if is_sparse(data):
/opt/hostedtoolcache/Python/3.10.19/x64/lib/python3.10/site-packages/xgboost/data.py:440: FutureWarning: is_sparse is deprecated and will be removed in a future version. Check `isinstance(dtype, pd.SparseDtype)` instead.
  if is_sparse(data):
/opt/hostedtoolcache/Python/3.10.19/x64/lib/python3.10/site-packages/xgboost/data.py:440: FutureWarning: is_sparse is deprecated and will be removed in a future version. Check `isinstance(dtype, pd.SparseDtype)` instead.
  if is_sparse(data):
/opt/hostedtoolcache/Python/3.10.19/x64/lib/python3.10/site-packages/xgboost/data.py:440: FutureWarning: is_sparse is deprecated and will be removed in a future version. Check `isinstance(dtype, pd.SparseDtype)` instead.
  if is_sparse(data):
/opt/hostedtoolcache/Python/3.10.19/x64/lib/python3.10/site-packages/xgboost/data.py:440: FutureWarning: is_sparse is deprecated and will be removed in a future version. Check `isinstance(dtype, pd.SparseDtype)` instead.
  if is_sparse(data):
/opt/hostedtoolcache/Python/3.10.19/x64/lib/python3.10/site-packages/xgboost/data.py:440: FutureWarning: is_sparse is deprecated and will be removed in a future version. Check `isinstance(dtype, pd.SparseDtype)` instead.
  if is_sparse(data):
/opt/hostedtoolcache/Python/3.10.19/x64/lib/python3.10/site-packages/xgboost/data.py:440: FutureWarning: is_sparse is deprecated and will be removed in a future version. Check `isinstance(dtype, pd.SparseDtype)` instead.
  if is_sparse(data):
/opt/hostedtoolcache/Python/3.10.19/x64/lib/python3.10/site-packages/xgboost/data.py:440: FutureWarning: is_sparse is deprecated and will be removed in a future version. Check `isinstance(dtype, pd.SparseDtype)` instead.
  if is_sparse(data):
/opt/hostedtoolcache/Python/3.10.19/x64/lib/python3.10/site-packages/xgboost/data.py:440: FutureWarning: is_sparse is deprecated and will be removed in a future version. Check `isinstance(dtype, pd.SparseDtype)` instead.
  if is_sparse(data):
/opt/hostedtoolcache/Python/3.10.19/x64/lib/python3.10/site-packages/xgboost/data.py:440: FutureWarning: is_sparse is deprecated and will be removed in a future version. Check `isinstance(dtype, pd.SparseDtype)` instead.
  if is_sparse(data):
/opt/hostedtoolcache/Python/3.10.19/x64/lib/python3.10/site-packages/xgboost/data.py:440: FutureWarning: is_sparse is deprecated and will be removed in a future version. Check `isinstance(dtype, pd.SparseDtype)` instead.
  if is_sparse(data):
/opt/hostedtoolcache/Python/3.10.19/x64/lib/python3.10/site-packages/xgboost/data.py:440: FutureWarning: is_sparse is deprecated and will be removed in a future version. Check `isinstance(dtype, pd.SparseDtype)` instead.
  if is_sparse(data):
/opt/hostedtoolcache/Python/3.10.19/x64/lib/python3.10/site-packages/xgboost/data.py:440: FutureWarning: is_sparse is deprecated and will be removed in a future version. Check `isinstance(dtype, pd.SparseDtype)` instead.
  if is_sparse(data):
/opt/hostedtoolcache/Python/3.10.19/x64/lib/python3.10/site-packages/xgboost/data.py:440: FutureWarning: is_sparse is deprecated and will be removed in a future version. Check `isinstance(dtype, pd.SparseDtype)` instead.
  if is_sparse(data):
/opt/hostedtoolcache/Python/3.10.19/x64/lib/python3.10/site-packages/xgboost/data.py:440: FutureWarning: is_sparse is deprecated and will be removed in a future version. Check `isinstance(dtype, pd.SparseDtype)` instead.
  if is_sparse(data):
/opt/hostedtoolcache/Python/3.10.19/x64/lib/python3.10/site-packages/xgboost/data.py:440: FutureWarning: is_sparse is deprecated and will be removed in a future version. Check `isinstance(dtype, pd.SparseDtype)` instead.
  if is_sparse(data):
/opt/hostedtoolcache/Python/3.10.19/x64/lib/python3.10/site-packages/xgboost/data.py:440: FutureWarning: is_sparse is deprecated and will be removed in a future version. Check `isinstance(dtype, pd.SparseDtype)` instead.
  if is_sparse(data):
/opt/hostedtoolcache/Python/3.10.19/x64/lib/python3.10/site-packages/xgboost/data.py:440: FutureWarning: is_sparse is deprecated and will be removed in a future version. Check `isinstance(dtype, pd.SparseDtype)` instead.
  if is_sparse(data):
/opt/hostedtoolcache/Python/3.10.19/x64/lib/python3.10/site-packages/xgboost/data.py:440: FutureWarning: is_sparse is deprecated and will be removed in a future version. Check `isinstance(dtype, pd.SparseDtype)` instead.
  if is_sparse(data):
/opt/hostedtoolcache/Python/3.10.19/x64/lib/python3.10/site-packages/xgboost/data.py:440: FutureWarning: is_sparse is deprecated and will be removed in a future version. Check `isinstance(dtype, pd.SparseDtype)` instead.
  if is_sparse(data):
/opt/hostedtoolcache/Python/3.10.19/x64/lib/python3.10/site-packages/xgboost/data.py:440: FutureWarning: is_sparse is deprecated and will be removed in a future version. Check `isinstance(dtype, pd.SparseDtype)` instead.
  if is_sparse(data):
/opt/hostedtoolcache/Python/3.10.19/x64/lib/python3.10/site-packages/xgboost/data.py:440: FutureWarning: is_sparse is deprecated and will be removed in a future version. Check `isinstance(dtype, pd.SparseDtype)` instead.
  if is_sparse(data):
/opt/hostedtoolcache/Python/3.10.19/x64/lib/python3.10/site-packages/xgboost/data.py:440: FutureWarning: is_sparse is deprecated and will be removed in a future version. Check `isinstance(dtype, pd.SparseDtype)` instead.
  if is_sparse(data):
/opt/hostedtoolcache/Python/3.10.19/x64/lib/python3.10/site-packages/xgboost/data.py:440: FutureWarning: is_sparse is deprecated and will be removed in a future version. Check `isinstance(dtype, pd.SparseDtype)` instead.
  if is_sparse(data):
/opt/hostedtoolcache/Python/3.10.19/x64/lib/python3.10/site-packages/xgboost/data.py:440: FutureWarning: is_sparse is deprecated and will be removed in a future version. Check `isinstance(dtype, pd.SparseDtype)` instead.
  if is_sparse(data):
/opt/hostedtoolcache/Python/3.10.19/x64/lib/python3.10/site-packages/xgboost/data.py:440: FutureWarning: is_sparse is deprecated and will be removed in a future version. Check `isinstance(dtype, pd.SparseDtype)` instead.
  if is_sparse(data):
/opt/hostedtoolcache/Python/3.10.19/x64/lib/python3.10/site-packages/xgboost/data.py:440: FutureWarning: is_sparse is deprecated and will be removed in a future version. Check `isinstance(dtype, pd.SparseDtype)` instead.
  if is_sparse(data):
/opt/hostedtoolcache/Python/3.10.19/x64/lib/python3.10/site-packages/xgboost/data.py:440: FutureWarning: is_sparse is deprecated and will be removed in a future version. Check `isinstance(dtype, pd.SparseDtype)` instead.
  if is_sparse(data):
/opt/hostedtoolcache/Python/3.10.19/x64/lib/python3.10/site-packages/xgboost/data.py:440: FutureWarning: is_sparse is deprecated and will be removed in a future version. Check `isinstance(dtype, pd.SparseDtype)` instead.
  if is_sparse(data):
/opt/hostedtoolcache/Python/3.10.19/x64/lib/python3.10/site-packages/xgboost/data.py:440: FutureWarning: is_sparse is deprecated and will be removed in a future version. Check `isinstance(dtype, pd.SparseDtype)` instead.
  if is_sparse(data):
/opt/hostedtoolcache/Python/3.10.19/x64/lib/python3.10/site-packages/xgboost/data.py:440: FutureWarning: is_sparse is deprecated and will be removed in a future version. Check `isinstance(dtype, pd.SparseDtype)` instead.
  if is_sparse(data):
/opt/hostedtoolcache/Python/3.10.19/x64/lib/python3.10/site-packages/xgboost/data.py:440: FutureWarning: is_sparse is deprecated and will be removed in a future version. Check `isinstance(dtype, pd.SparseDtype)` instead.
  if is_sparse(data):
/opt/hostedtoolcache/Python/3.10.19/x64/lib/python3.10/site-packages/xgboost/data.py:440: FutureWarning: is_sparse is deprecated and will be removed in a future version. Check `isinstance(dtype, pd.SparseDtype)` instead.
  if is_sparse(data):
/opt/hostedtoolcache/Python/3.10.19/x64/lib/python3.10/site-packages/xgboost/data.py:440: FutureWarning: is_sparse is deprecated and will be removed in a future version. Check `isinstance(dtype, pd.SparseDtype)` instead.
  if is_sparse(data):
/opt/hostedtoolcache/Python/3.10.19/x64/lib/python3.10/site-packages/xgboost/data.py:440: FutureWarning: is_sparse is deprecated and will be removed in a future version. Check `isinstance(dtype, pd.SparseDtype)` instead.
  if is_sparse(data):
/opt/hostedtoolcache/Python/3.10.19/x64/lib/python3.10/site-packages/xgboost/data.py:440: FutureWarning: is_sparse is deprecated and will be removed in a future version. Check `isinstance(dtype, pd.SparseDtype)` instead.
  if is_sparse(data):
/opt/hostedtoolcache/Python/3.10.19/x64/lib/python3.10/site-packages/xgboost/data.py:440: FutureWarning: is_sparse is deprecated and will be removed in a future version. Check `isinstance(dtype, pd.SparseDtype)` instead.
  if is_sparse(data):
/opt/hostedtoolcache/Python/3.10.19/x64/lib/python3.10/site-packages/xgboost/data.py:440: FutureWarning: is_sparse is deprecated and will be removed in a future version. Check `isinstance(dtype, pd.SparseDtype)` instead.
  if is_sparse(data):
/opt/hostedtoolcache/Python/3.10.19/x64/lib/python3.10/site-packages/xgboost/data.py:440: FutureWarning: is_sparse is deprecated and will be removed in a future version. Check `isinstance(dtype, pd.SparseDtype)` instead.
  if is_sparse(data):
/opt/hostedtoolcache/Python/3.10.19/x64/lib/python3.10/site-packages/xgboost/data.py:440: FutureWarning: is_sparse is deprecated and will be removed in a future version. Check `isinstance(dtype, pd.SparseDtype)` instead.
  if is_sparse(data):
/opt/hostedtoolcache/Python/3.10.19/x64/lib/python3.10/site-packages/xgboost/data.py:440: FutureWarning: is_sparse is deprecated and will be removed in a future version. Check `isinstance(dtype, pd.SparseDtype)` instead.
  if is_sparse(data):
/opt/hostedtoolcache/Python/3.10.19/x64/lib/python3.10/site-packages/xgboost/data.py:440: FutureWarning: is_sparse is deprecated and will be removed in a future version. Check `isinstance(dtype, pd.SparseDtype)` instead.
  if is_sparse(data):
/opt/hostedtoolcache/Python/3.10.19/x64/lib/python3.10/site-packages/xgboost/data.py:440: FutureWarning: is_sparse is deprecated and will be removed in a future version. Check `isinstance(dtype, pd.SparseDtype)` instead.
  if is_sparse(data):
/opt/hostedtoolcache/Python/3.10.19/x64/lib/python3.10/site-packages/xgboost/data.py:440: FutureWarning: is_sparse is deprecated and will be removed in a future version. Check `isinstance(dtype, pd.SparseDtype)` instead.
  if is_sparse(data):
/opt/hostedtoolcache/Python/3.10.19/x64/lib/python3.10/site-packages/xgboost/data.py:440: FutureWarning: is_sparse is deprecated and will be removed in a future version. Check `isinstance(dtype, pd.SparseDtype)` instead.
  if is_sparse(data):
/opt/hostedtoolcache/Python/3.10.19/x64/lib/python3.10/site-packages/xgboost/data.py:440: FutureWarning: is_sparse is deprecated and will be removed in a future version. Check `isinstance(dtype, pd.SparseDtype)` instead.
  if is_sparse(data):
/opt/hostedtoolcache/Python/3.10.19/x64/lib/python3.10/site-packages/xgboost/data.py:440: FutureWarning: is_sparse is deprecated and will be removed in a future version. Check `isinstance(dtype, pd.SparseDtype)` instead.
  if is_sparse(data):
/opt/hostedtoolcache/Python/3.10.19/x64/lib/python3.10/site-packages/xgboost/data.py:440: FutureWarning: is_sparse is deprecated and will be removed in a future version. Check `isinstance(dtype, pd.SparseDtype)` instead.
  if is_sparse(data):
/opt/hostedtoolcache/Python/3.10.19/x64/lib/python3.10/site-packages/xgboost/data.py:440: FutureWarning: is_sparse is deprecated and will be removed in a future version. Check `isinstance(dtype, pd.SparseDtype)` instead.
  if is_sparse(data):
/opt/hostedtoolcache/Python/3.10.19/x64/lib/python3.10/site-packages/xgboost/data.py:440: FutureWarning: is_sparse is deprecated and will be removed in a future version. Check `isinstance(dtype, pd.SparseDtype)` instead.
  if is_sparse(data):
/opt/hostedtoolcache/Python/3.10.19/x64/lib/python3.10/site-packages/xgboost/data.py:440: FutureWarning: is_sparse is deprecated and will be removed in a future version. Check `isinstance(dtype, pd.SparseDtype)` instead.
  if is_sparse(data):
/opt/hostedtoolcache/Python/3.10.19/x64/lib/python3.10/site-packages/xgboost/data.py:440: FutureWarning: is_sparse is deprecated and will be removed in a future version. Check `isinstance(dtype, pd.SparseDtype)` instead.
  if is_sparse(data):
/opt/hostedtoolcache/Python/3.10.19/x64/lib/python3.10/site-packages/xgboost/data.py:440: FutureWarning: is_sparse is deprecated and will be removed in a future version. Check `isinstance(dtype, pd.SparseDtype)` instead.
  if is_sparse(data):
/opt/hostedtoolcache/Python/3.10.19/x64/lib/python3.10/site-packages/xgboost/data.py:440: FutureWarning: is_sparse is deprecated and will be removed in a future version. Check `isinstance(dtype, pd.SparseDtype)` instead.
  if is_sparse(data):
/opt/hostedtoolcache/Python/3.10.19/x64/lib/python3.10/site-packages/xgboost/data.py:440: FutureWarning: is_sparse is deprecated and will be removed in a future version. Check `isinstance(dtype, pd.SparseDtype)` instead.
  if is_sparse(data):
/opt/hostedtoolcache/Python/3.10.19/x64/lib/python3.10/site-packages/xgboost/data.py:440: FutureWarning: is_sparse is deprecated and will be removed in a future version. Check `isinstance(dtype, pd.SparseDtype)` instead.
  if is_sparse(data):
/opt/hostedtoolcache/Python/3.10.19/x64/lib/python3.10/site-packages/xgboost/data.py:440: FutureWarning: is_sparse is deprecated and will be removed in a future version. Check `isinstance(dtype, pd.SparseDtype)` instead.
  if is_sparse(data):
/opt/hostedtoolcache/Python/3.10.19/x64/lib/python3.10/site-packages/xgboost/data.py:440: FutureWarning: is_sparse is deprecated and will be removed in a future version. Check `isinstance(dtype, pd.SparseDtype)` instead.
  if is_sparse(data):
/opt/hostedtoolcache/Python/3.10.19/x64/lib/python3.10/site-packages/xgboost/data.py:440: FutureWarning: is_sparse is deprecated and will be removed in a future version. Check `isinstance(dtype, pd.SparseDtype)` instead.
  if is_sparse(data):
/opt/hostedtoolcache/Python/3.10.19/x64/lib/python3.10/site-packages/xgboost/data.py:440: FutureWarning: is_sparse is deprecated and will be removed in a future version. Check `isinstance(dtype, pd.SparseDtype)` instead.
  if is_sparse(data):
/opt/hostedtoolcache/Python/3.10.19/x64/lib/python3.10/site-packages/xgboost/data.py:440: FutureWarning: is_sparse is deprecated and will be removed in a future version. Check `isinstance(dtype, pd.SparseDtype)` instead.
  if is_sparse(data):
/opt/hostedtoolcache/Python/3.10.19/x64/lib/python3.10/site-packages/xgboost/data.py:440: FutureWarning: is_sparse is deprecated and will be removed in a future version. Check `isinstance(dtype, pd.SparseDtype)` instead.
  if is_sparse(data):
/opt/hostedtoolcache/Python/3.10.19/x64/lib/python3.10/site-packages/xgboost/data.py:440: FutureWarning: is_sparse is deprecated and will be removed in a future version. Check `isinstance(dtype, pd.SparseDtype)` instead.
  if is_sparse(data):
/opt/hostedtoolcache/Python/3.10.19/x64/lib/python3.10/site-packages/xgboost/data.py:440: FutureWarning: is_sparse is deprecated and will be removed in a future version. Check `isinstance(dtype, pd.SparseDtype)` instead.
  if is_sparse(data):
/opt/hostedtoolcache/Python/3.10.19/x64/lib/python3.10/site-packages/xgboost/data.py:440: FutureWarning: is_sparse is deprecated and will be removed in a future version. Check `isinstance(dtype, pd.SparseDtype)` instead.
  if is_sparse(data):
/opt/hostedtoolcache/Python/3.10.19/x64/lib/python3.10/site-packages/xgboost/data.py:440: FutureWarning: is_sparse is deprecated and will be removed in a future version. Check `isinstance(dtype, pd.SparseDtype)` instead.
  if is_sparse(data):
/opt/hostedtoolcache/Python/3.10.19/x64/lib/python3.10/site-packages/xgboost/data.py:440: FutureWarning: is_sparse is deprecated and will be removed in a future version. Check `isinstance(dtype, pd.SparseDtype)` instead.
  if is_sparse(data):
/opt/hostedtoolcache/Python/3.10.19/x64/lib/python3.10/site-packages/xgboost/data.py:440: FutureWarning: is_sparse is deprecated and will be removed in a future version. Check `isinstance(dtype, pd.SparseDtype)` instead.
  if is_sparse(data):
/opt/hostedtoolcache/Python/3.10.19/x64/lib/python3.10/site-packages/xgboost/data.py:440: FutureWarning: is_sparse is deprecated and will be removed in a future version. Check `isinstance(dtype, pd.SparseDtype)` instead.
  if is_sparse(data):
/opt/hostedtoolcache/Python/3.10.19/x64/lib/python3.10/site-packages/xgboost/data.py:440: FutureWarning: is_sparse is deprecated and will be removed in a future version. Check `isinstance(dtype, pd.SparseDtype)` instead.
  if is_sparse(data):
/opt/hostedtoolcache/Python/3.10.19/x64/lib/python3.10/site-packages/xgboost/data.py:440: FutureWarning: is_sparse is deprecated and will be removed in a future version. Check `isinstance(dtype, pd.SparseDtype)` instead.
  if is_sparse(data):
/opt/hostedtoolcache/Python/3.10.19/x64/lib/python3.10/site-packages/xgboost/data.py:440: FutureWarning: is_sparse is deprecated and will be removed in a future version. Check `isinstance(dtype, pd.SparseDtype)` instead.
  if is_sparse(data):
/opt/hostedtoolcache/Python/3.10.19/x64/lib/python3.10/site-packages/xgboost/data.py:440: FutureWarning: is_sparse is deprecated and will be removed in a future version. Check `isinstance(dtype, pd.SparseDtype)` instead.
  if is_sparse(data):
/opt/hostedtoolcache/Python/3.10.19/x64/lib/python3.10/site-packages/xgboost/data.py:440: FutureWarning: is_sparse is deprecated and will be removed in a future version. Check `isinstance(dtype, pd.SparseDtype)` instead.
  if is_sparse(data):
/opt/hostedtoolcache/Python/3.10.19/x64/lib/python3.10/site-packages/xgboost/data.py:440: FutureWarning: is_sparse is deprecated and will be removed in a future version. Check `isinstance(dtype, pd.SparseDtype)` instead.
  if is_sparse(data):
/opt/hostedtoolcache/Python/3.10.19/x64/lib/python3.10/site-packages/xgboost/data.py:440: FutureWarning: is_sparse is deprecated and will be removed in a future version. Check `isinstance(dtype, pd.SparseDtype)` instead.
  if is_sparse(data):
/opt/hostedtoolcache/Python/3.10.19/x64/lib/python3.10/site-packages/xgboost/data.py:440: FutureWarning: is_sparse is deprecated and will be removed in a future version. Check `isinstance(dtype, pd.SparseDtype)` instead.
  if is_sparse(data):
/opt/hostedtoolcache/Python/3.10.19/x64/lib/python3.10/site-packages/xgboost/data.py:440: FutureWarning: is_sparse is deprecated and will be removed in a future version. Check `isinstance(dtype, pd.SparseDtype)` instead.
  if is_sparse(data):
/opt/hostedtoolcache/Python/3.10.19/x64/lib/python3.10/site-packages/xgboost/data.py:440: FutureWarning: is_sparse is deprecated and will be removed in a future version. Check `isinstance(dtype, pd.SparseDtype)` instead.
  if is_sparse(data):
/opt/hostedtoolcache/Python/3.10.19/x64/lib/python3.10/site-packages/xgboost/data.py:440: FutureWarning: is_sparse is deprecated and will be removed in a future version. Check `isinstance(dtype, pd.SparseDtype)` instead.
  if is_sparse(data):
/opt/hostedtoolcache/Python/3.10.19/x64/lib/python3.10/site-packages/xgboost/data.py:440: FutureWarning: is_sparse is deprecated and will be removed in a future version. Check `isinstance(dtype, pd.SparseDtype)` instead.
  if is_sparse(data):
/opt/hostedtoolcache/Python/3.10.19/x64/lib/python3.10/site-packages/xgboost/data.py:440: FutureWarning: is_sparse is deprecated and will be removed in a future version. Check `isinstance(dtype, pd.SparseDtype)` instead.
  if is_sparse(data):
/opt/hostedtoolcache/Python/3.10.19/x64/lib/python3.10/site-packages/xgboost/data.py:440: FutureWarning: is_sparse is deprecated and will be removed in a future version. Check `isinstance(dtype, pd.SparseDtype)` instead.
  if is_sparse(data):
/opt/hostedtoolcache/Python/3.10.19/x64/lib/python3.10/site-packages/xgboost/data.py:440: FutureWarning: is_sparse is deprecated and will be removed in a future version. Check `isinstance(dtype, pd.SparseDtype)` instead.
  if is_sparse(data):
/opt/hostedtoolcache/Python/3.10.19/x64/lib/python3.10/site-packages/xgboost/data.py:440: FutureWarning: is_sparse is deprecated and will be removed in a future version. Check `isinstance(dtype, pd.SparseDtype)` instead.
  if is_sparse(data):
/opt/hostedtoolcache/Python/3.10.19/x64/lib/python3.10/site-packages/xgboost/data.py:440: FutureWarning: is_sparse is deprecated and will be removed in a future version. Check `isinstance(dtype, pd.SparseDtype)` instead.
  if is_sparse(data):
/opt/hostedtoolcache/Python/3.10.19/x64/lib/python3.10/site-packages/xgboost/data.py:440: FutureWarning: is_sparse is deprecated and will be removed in a future version. Check `isinstance(dtype, pd.SparseDtype)` instead.
  if is_sparse(data):
/opt/hostedtoolcache/Python/3.10.19/x64/lib/python3.10/site-packages/xgboost/data.py:440: FutureWarning: is_sparse is deprecated and will be removed in a future version. Check `isinstance(dtype, pd.SparseDtype)` instead.
  if is_sparse(data):
/opt/hostedtoolcache/Python/3.10.19/x64/lib/python3.10/site-packages/xgboost/data.py:440: FutureWarning: is_sparse is deprecated and will be removed in a future version. Check `isinstance(dtype, pd.SparseDtype)` instead.
  if is_sparse(data):
/opt/hostedtoolcache/Python/3.10.19/x64/lib/python3.10/site-packages/xgboost/data.py:440: FutureWarning: is_sparse is deprecated and will be removed in a future version. Check `isinstance(dtype, pd.SparseDtype)` instead.
  if is_sparse(data):
============================================================
[2026-03-15 03:55:56] NFLX   | LOCAL_CACHE     | SUCCESS  | 126 rows
  [FEATURES] Original columns: ['Date', 'Open', 'High', 'Low', 'Close', 'Volume']
  [FEATURES] Renamed columns: ['Date', 'Open', 'High', 'Low', 'Close', 'Volume']
  [FEATURES] Basic features added: 30 columns
  [FEATURES] Adding advanced indicators for NFLX...
  [Features] Adding advanced indicators...
    ✓ Bollinger Bands
    ✓ ADX
    ✓ RSI & Divergence
    ✓ MACD
    ✓ Volume Features
    ✓ Volatility Features
    ✓ Momentum Features
    ✓ Trend Features
  [Features] Total features: 74
  [FEATURES] Advanced features added successfully
  [FEATURES] Total features: 74
  [FEATURES] Final dataset: 126 rows × 74 columns

>>> Tuning XGBoost for NFLX
    Training set: (100, 72)
    Starting grid search...
    ✓ Best params: {'colsample_bytree': 0.8, 'learning_rate': 0.01, 'max_depth': 3, 'subsample': 0.8}
    ✓ CV Score: 1.0000
    ✓ Test Accuracy: 1.0000
    ✓ Improvement: +0.4000

============================================================
Fetching QQQ...
============================================================
[2026-03-15 03:55:57] QQQ    | LOCAL_CACHE     | SUCCESS  | 126 rows
  [FEATURES] Original columns: ['Date', 'Open', 'High', 'Low', 'Close', 'Volume']
  [FEATURES] Renamed columns: ['Date', 'Open', 'High', 'Low', 'Close', 'Volume']
  [FEATURES] Basic features added: 30 columns
  [FEATURES] Adding advanced indicators for QQQ...
  [Features] Adding advanced indicators...
    ✓ Bollinger Bands
    ✓ ADX
    ✓ RSI & Divergence
    ✓ MACD
    ✓ Volume Features
    ✓ Volatility Features
    ✓ Momentum Features
    ✓ Trend Features
  [Features] Total features: 74
  [FEATURES] Advanced features added successfully
  [FEATURES] Total features: 74
  [FEATURES] Final dataset: 126 rows × 74 columns

>>> Tuning XGBoost for QQQ
    Training set: (100, 72)
    Starting grid search...
    ✓ Best params: {'colsample_bytree': 0.8, 'learning_rate': 0.01, 'max_depth': 3, 'subsample': 0.8}
    ✓ CV Score: 1.0000
    ✓ Test Accuracy: 1.0000
    ✓ Improvement: +0.4000

======================================================================
TUNING RESULTS SUMMARY
======================================================================
  ticker                                                                         best_params  best_cv_score  train_accuracy  test_accuracy  improvement
0   NVDA  {'colsample_bytree': 0.8, 'learning_rate': 0.01, 'max_depth': 3, 'subsample': 0.8}            1.0             1.0            1.0          0.4
1   AAPL  {'colsample_bytree': 0.8, 'learning_rate': 0.01, 'max_depth': 3, 'subsample': 0.8}            1.0             1.0            1.0          0.4
2   MSFT  {'colsample_bytree': 0.8, 'learning_rate': 0.01, 'max_depth': 3, 'subsample': 0.8}            1.0             1.0            1.0          0.4
3  GOOGL  {'colsample_bytree': 0.8, 'learning_rate': 0.01, 'max_depth': 3, 'subsample': 0.8}            1.0             1.0            1.0          0.4
4   AMZN  {'colsample_bytree': 0.8, 'learning_rate': 0.01, 'max_depth': 3, 'subsample': 0.8}            1.0             1.0            1.0          0.4
5   META  {'colsample_bytree': 0.8, 'learning_rate': 0.01, 'max_depth': 3, 'subsample': 0.8}            1.0             1.0            1.0          0.4
6   TSLA  {'colsample_bytree': 0.8, 'learning_rate': 0.01, 'max_depth': 3, 'subsample': 0.8}            1.0             1.0            1.0          0.4
7    AMD  {'colsample_bytree': 0.8, 'learning_rate': 0.01, 'max_depth': 3, 'subsample': 0.8}            1.0             1.0            1.0          0.4
8   NFLX  {'colsample_bytree': 0.8, 'learning_rate': 0.01, 'max_depth': 3, 'subsample': 0.8}            1.0             1.0            1.0          0.4
9    QQQ  {'colsample_bytree': 0.8, 'learning_rate': 0.01, 'max_depth': 3, 'subsample': 0.8}            1.0             1.0            1.0          0.4

Average Improvement: +0.4000
Expected Accuracy: 1.0000 (target: 70%)

✅ Results saved to tuning_results/

======================================================================
XGBoost Tuning Complete
======================================================================
